FEWSNET_admin_code,cluster_id,latitude,longitude,is_outlier,cluster_id_original
0,5,9.551002,29.130297,False,5
1,5,9.786447,28.414507,False,5
2,1,7.7992144,32.85308,False,1
3,5,8.417933,26.89562,False,5
4,5,9.243146,27.6138,False,5
5,5,9.334756,26.729689,False,5
6,5,8.667977,27.736115,False,5
7,5,8.930424,26.72393,False,5
8,5,6.150162,31.229462,False,9
9,5,8.291426,30.98072,False,5
10,1,9.490525,32.40192,False,1
11,5,6.4656444,32.00486,False,1
12,9,4.359346,33.44793,False,9
13,5,9.083722,31.442097,False,5
14,5,7.0822926,29.224924,False,5
15,5,7.6175737,31.186474,False,5
16,5,5.4600983,27.893723,False,5
17,5,9.071978,30.688026,False,5
18,5,9.980295,31.84424,False,5
19,5,8.597443,28.589058,False,5
20,5,8.56744,28.109972,False,5
21,5,9.197522,30.075191,False,5
22,9,5.09955,29.06163,False,9
23,9,4.0283284,33.13116,False,9
24,9,4.7170806,31.48342,False,9
25,5,7.5925064,28.024385,False,5
26,9,3.894862,31.46053,False,9
27,9,5.131699,34.65216,False,1
28,9,5.306582,33.461914,False,9
29,9,4.5634127,33.68026,False,9
30,5,8.6339035,29.857418,False,5
31,9,4.27799,30.853539,False,9
32,5,8.174243,30.228167,False,5
33,1,9.255936,33.52691,False,1
34,9,5.249238,32.671417,False,9
35,1,8.833608,33.163315,False,1
36,1,10.023908,33.459976,False,1
37,9,3.9113195,32.210762,False,9
38,1,8.740229,33.862453,False,1
39,5,9.658457,31.642797,False,5
40,5,11.130983,32.370197,False,5
41,9,5.096247,29.684683,False,9
42,5,8.122516,29.919695,False,5
43,5,9.094565,29.2165,False,5
44,5,10.380961,32.56855,False,5
45,9,3.7387795,30.831562,False,9
46,9,5.3078823,30.682564,False,9
47,9,5.2139373,30.20821,False,9
48,9,5.9179792,30.032368,False,9
49,5,6.4713254,27.738218,False,5
50,1,8.583063,32.1197,False,5
51,5,5.3084807,28.205763,False,5
52,5,7.524552,30.336622,False,5
53,5,9.443533,31.452188,False,5
54,5,9.815146,30.118797,False,5
55,1,6.3963685,33.568096,False,1
56,1,7.1130314,33.815495,False,1
57,5,8.617606,25.589775,False,5
58,5,11.362642,32.95721,False,5
59,5,9.268476,29.635662,False,5
60,5,7.0185,29.78404,False,5
61,5,6.7186704,30.013824,False,5
62,5,7.5245805,29.704245,False,5
63,5,6.0432644,27.14289,False,5
64,9,5.662623,31.325756,False,9
65,5,7.847276,29.28494,False,5
66,5,8.246329,28.91646,False,5
67,5,7.080619,28.734674,False,5
68,9,4.3724313,32.567097,False,9
69,5,7.10077,31.322704,False,5
70,5,9.135147,28.391762,False,5
71,1,8.579216,32.827198,False,1
72,1,7.62531,32.11129,False,1
73,5,7.2847724,27.298227,False,5
74,5,6.200243,29.208889,False,5
75,9,5.1247153,28.547338,False,9
76,9,4.251823,30.34422,False,9
77,5,6.793194,30.80245,False,5
78,5,6.3952436,30.486982,False,5
79,14,12.021253,18.109903,False,14
80,14,11.624716,16.231733,False,14
81,14,13.367175,16.21961,False,14
82,14,13.302234,16.865908,False,14
83,14,11.348701,17.941626,False,14
84,14,13.384515,19.630894,False,14
85,14,13.029963,18.46927,False,14
86,14,11.730996,15.252166,False,14
87,14,12.371419,16.8705,False,14
88,14,12.840006,15.631042,False,14
89,14,12.2211,20.031048,False,14
90,14,12.895693,17.57291,False,14
91,14,12.134828,18.777029,False,14
92,14,12.512603,15.298653,False,14
93,14,12.423524,19.565012,False,14
94,14,11.059698,15.250352,False,14
95,14,12.120266,15.05159,False,14
96,14,13.481585,15.70248,False,14
97,14,13.369669,15.251934,False,14
98,14,12.910642,21.243002,False,14
99,14,13.563464,21.817802,False,14
100,14,14.510957,21.052895,False,14
101,14,14.42946,21.954435,False,14
102,14,12.454664,20.654144,False,14
103,14,12.499991,21.697868,False,14
104,14,14.972459,22.454733,False,14
105,14,15.010023,21.633837,False,14
106,14,13.666249,20.838526,False,14
107,5,18.054066,23.130514,False,5
108,14,15.324307,17.290596,False,14
109,14,15.498639,19.916807,False,14
110,14,15.3229475,18.913387,False,14
111,14,15.537722,20.296652,False,14
112,14,16.638493,19.141233,False,14
113,14,17.685427,17.365604,False,14
114,14,18.817804,21.118668,False,14
115,14,16.3786,21.253277,False,14
116,14,15.993007,15.935085,False,14
117,14,20.637749,18.48788,False,14
118,14,20.897213,16.15249,False,14
119,5,15.987338,23.082228,False,5
120,14,10.926669,16.407063,False,14
121,14,10.689064,18.600428,False,14
122,14,10.630485,16.6803,False,14
123,14,10.549453,15.627432,False,14
124,14,10.7701,15.62734,False,14
125,14,11.5276985,19.579544,False,14
126,14,10.932282,20.41516,False,14
127,14,11.8883295,20.95476,False,14
128,14,10.424202,21.118557,False,14
129,14,11.790246,22.104717,False,5
130,14,10.229745,19.5467,False,14
131,14,9.544025,18.182793,False,14
132,14,8.31734,17.714977,False,14
133,14,8.665046,15.512049,False,14
134,14,8.415834,18.539541,False,14
135,14,8.972945,15.847734,False,14
136,14,9.500247,15.35262,False,14
137,14,8.3913145,17.066221,False,14
138,14,8.139514,16.886238,False,14
139,14,9.534377,19.161407,False,14
140,14,9.609026,14.390759,False,14
141,14,8.68286,15.989723,False,14
142,14,8.583878,16.61673,False,14
143,14,7.9414353,16.691994,False,14
144,14,8.886145,16.884508,False,14
145,14,10.09949,17.214357,False,14
146,14,8.646528,17.281338,False,14
147,14,9.153261,17.565355,False,14
148,14,9.874057,14.467488,False,14
149,14,9.145,14.930336,False,14
150,14,9.832662,15.167447,False,14
151,14,8.032555,15.9058485,False,14
152,14,8.972523,16.348934,False,14
153,14,9.551989,16.874943,False,14
154,14,9.208313,15.675364,False,14
155,14,9.715027,15.611209,False,14
156,14,10.100464,15.826143,False,14
157,14,9.269551,16.146229,False,14
158,14,9.797224,16.352255,False,14
159,14,9.493372,15.905347,False,14
160,14,14.359262,16.909338,False,14
161,14,13.804223,16.384193,False,14
162,14,14.40457,19.574114,False,14
163,14,14.258928,18.444426,False,14
164,14,15.154208,20.717344,False,14
165,14,14.131925,15.246283,False,14
166,5,15.530672,22.411777,False,5
167,5,15.430983,21.669806,False,5
168,14,15.007032,14.955281,False,14
169,14,14.101834,14.056286,False,14
170,14,13.610963,14.363044,False,14
171,14,13.36575,14.65994,False,14
172,8,5.9895124,47.26317,False,8
173,8,4.906683,46.90168,False,8
174,8,5.433911,46.94494,False,8
175,8,7.7423334,49.454285,False,8
176,8,6.818011,47.919876,False,8
177,8,6.1064253,48.164288,False,8
178,8,7.159401,48.935413,False,8
179,11,3.3128219,43.76181,False,11
180,8,2.499122,43.995365,False,8
181,8,2.1471353,43.08928,False,8
182,11,2.6070082,43.0841,False,11
183,8,3.552952,44.53558,False,8
184,11,3.7397451,43.49257,False,11
185,8,3.1604137,44.71151,False,8
186,11,3.916249,44.038025,False,11
187,8,3.3780532,46.83571,False,8
188,8,1.9532189,45.158993,False,8
189,8,2.3815517,45.848145,False,8
190,8,9.150902,50.56334,False,8
191,8,2.9396286,46.418545,False,8
192,8,4.023141,47.352848,False,8
193,8,7.996954,49.844948,False,8
194,8,5.6812563,48.62198,False,8
195,8,10.393404,51.035667,False,8
196,8,7.0803814,49.337063,False,8
197,8,1.8697311,45.003086,False,8
198,8,4.7227793,47.92938,False,8
199,8,3.5841866,46.491276,False,8
200,8,2.542389,45.841988,False,8
201,8,3.9961123,46.337013,False,8
202,8,3.1354315,46.209824,False,8
203,8,4.589601,47.016365,False,8
204,8,4.0680203,46.8558,False,8
205,8,5.223375,47.570923,False,8
206,8,5.358379,47.966713,False,8
207,8,2.8991406,45.85061,False,8
208,8,4.887391,47.697765,False,8
209,11,10.97863,48.572598,False,11
210,11,11.040522,49.412045,False,11
211,11,11.666792,50.793045,False,11
212,11,10.348339,46.742924,False,11
213,11,10.795204,47.466534,False,11
214,11,10.962765,50.761143,False,11
215,11,11.102503,50.107872,False,11
217,11,10.461167,43.952904,False,11
218,11,10.54256,45.372105,False,11
219,11,10.41778,43.265667,False,11
220,11,10.685574,46.21774,False,11
221,11,10.650044,43.577038,False,11
222,11,10.96093,43.242867,False,11
223,8,4.894068,45.748875,False,8
224,8,4.388465,46.05138,False,8
225,11,8.901769,45.76434,False,11
226,8,7.8010507,48.3981,False,8
227,11,8.459745,46.660347,False,11
228,8,5.824846,46.123947,False,8
229,8,6.2044344,46.91375,False,8
230,11,8.952569,46.301525,False,11
231,8,4.766173,46.200047,False,8
232,8,5.4532747,46.24246,False,8
233,8,7.967529,49.39122,False,8
234,8,7.008634,47.53709,False,8
235,8,8.178762,48.64356,False,8
236,8,7.0379996,47.220596,False,8
237,11,9.086835,44.39188,False,11
238,8,7.535132,48.784042,False,8
239,11,8.147358,47.539574,False,11
240,11,9.056219,44.98448,False,11
241,8,0.44437185,41.88742,False,8
242,8,-0.830958,41.395435,False,8
243,8,1.0934244,42.878498,False,8
244,8,0.7622732,42.9671,False,8
245,8,-0.41870305,41.860966,False,8
246,11,10.112961,48.811222,False,11
247,8,9.245729,50.27918,False,8
248,11,10.644447,49.36813,False,11
249,11,9.295636,46.517883,False,11
250,11,9.810202,46.93221,False,11
251,11,10.0620985,47.95922,False,11
252,11,8.353461,49.507854,False,11
253,11,8.538342,48.81902,False,11
254,11,10.221257,50.21303,False,11
255,11,8.563443,47.677296,False,11
256,11,10.622209,49.89251,False,11
257,11,9.501121,49.50659,False,11
258,11,9.178455,48.540176,False,11
259,11,9.140635,47.50645,False,11
260,11,9.925571,43.398163,False,11
261,11,9.9847,43.1933,False,11
262,11,9.661901,43.548035,False,11
263,11,9.462883,44.145947,False,11
264,8,2.1277368,45.05378,False,8
265,8,0.24568006,42.512608,False,8
266,8,2.500958,45.45314,False,8
267,8,1.0685452,43.59789,False,8
268,8,0.96192783,42.607166,False,8
269,8,3.2698977,45.594418,False,8
270,8,0.10124604,42.71161,False,8
271,8,0.58300155,42.909595,False,8
272,8,2.9596868,45.53142,False,8
273,8,-0.13965444,42.55541,False,8
274,8,1.6078329,44.267723,False,8
275,8,1.7285241,44.65425,False,8
276,8,1.8287638,44.611156,False,8
277,8,1.2174156,43.68174,False,8
278,8,2.3621905,42.272324,False,8
279,11,4.718474,45.17888,False,11
280,8,1.3338823,42.497044,False,8
281,8,3.8735025,45.55077,False,8
282,8,4.106404,42.182495,False,8
283,8,3.1217394,42.497597,False,8
284,8,3.4408922,45.66995,False,8
285,8,3.8041997,42.507587,False,8
286,8,3.0300338,42.599957,False,8
287,8,1.7219477,42.374702,False,8
288,8,2.2883844,45.06538,False,8
289,8,2.3323689,42.402786,False,8
290,8,2.4711962,45.542175,False,8
291,8,3.204203,43.482517,False,8
292,8,1.3880284,42.79958,False,8
293,8,2.5463498,43.921997,False,8
294,8,2.070081,42.77903,False,8
295,8,2.825787,42.52169,False,8
296,8,3.0107992,45.55039,False,8
297,8,1.9054475,44.972153,False,8
298,8,2.8170488,42.834946,False,8
299,8,2.0742395,44.618916,False,8
300,8,1.6728165,42.60441,False,8
301,8,2.5953097,44.97949,False,8
302,8,0.98703915,42.28388,False,8
303,8,2.450943,42.10251,False,8
304,11,4.624253,45.18652,False,11
305,8,3.7437289,42.01012,False,8
306,8,1.3766521,42.30435,False,8
307,8,4.0116787,45.528416,False,8
308,8,2.7455215,41.18946,False,8
309,8,3.9827147,42.113964,False,8
310,8,3.2777648,42.633533,False,8
311,8,3.3658907,45.62672,False,8
312,8,3.7466593,42.73298,False,8
313,8,4.2051396,43.242138,False,8
314,8,1.6788425,42.21282,False,8
315,8,4.083847,44.511497,False,8
316,8,3.8937042,43.368412,False,8
317,8,4.244522,43.877335,False,8
318,8,3.5973895,46.14289,False,8
319,8,0.7073308,41.438564,False,8
320,8,1.9622623,41.456566,False,8
321,8,-0.46497038,41.234737,False,8
322,8,4.5843635,45.08942,False,8
323,8,3.4128146,41.709606,False,8
324,8,1.0461326,43.23673,False,8
325,8,3.8559456,45.492935,False,8
326,8,2.2244666,44.306965,False,8
327,8,3.4322402,46.03458,False,8
328,8,4.673061,43.997177,False,8
329,8,4.656342,46.32185,False,8
330,8,2.6751127,41.455715,False,8
331,8,5.129625,46.319374,False,8
332,8,3.8562942,42.13884,False,8
333,8,3.1874683,42.15067,False,8
334,8,3.4232278,45.585278,False,8
335,8,0.9099605,43.209045,False,8
336,8,3.0984054,45.1905,False,8
337,8,-0.22779848,41.946686,False,8
338,8,1.7209164,43.966602,False,8
339,8,3.8466394,42.713566,False,8
340,8,1.9127357,44.306446,False,8
341,8,4.440151,43.040714,False,8
342,8,1.5866907,41.82288,False,8
343,8,1.4128101,43.4665,False,8
344,8,4.359434,44.607056,False,8
345,8,2.9134803,44.86219,False,8
346,8,-1.22284,41.695145,False,8
347,8,1.109416,43.861042,False,8
348,8,0.15146936,42.937298,False,8
349,8,0.5669764,43.22534,False,8
350,8,-0.55993587,42.198902,False,8
351,8,1.5195781,44.241447,False,8
352,8,1.7064766,44.71609,False,8
353,8,1.3814808,44.00121,False,8
354,11,9.608278,45.505993,False,11
355,11,9.535565,45.121883,False,11
356,11,9.882084,45.482494,False,11
357,8,2.0807352,45.26444,False,8
358,8,2.1061263,45.425694,False,8
359,11,10.265084,43.69291,False,11
360,11,10.255565,45.23463,False,11
361,11,10.256664,43.11423,False,11
362,11,9.697997,45.939205,False,11
363,11,9.932821,46.131104,False,11
364,11,10.254938,46.217598,False,11
365,11,10.02348,43.790657,False,11
366,11,9.912015,44.36187,False,11
367,11,10.469514,43.680202,False,11
368,11,9.770979,44.990532,False,11
369,11,10.001544,45.423183,False,11
370,11,10.624595,42.85877,False,11
371,5,12.304588,31.278816,False,5
372,5,10.749817,26.948687,False,5
373,5,11.321706,31.492167,False,5
374,5,10.833425,27.68493,False,5
375,5,10.751023,28.049765,False,5
376,5,10.576259,26.050076,False,5
377,5,11.349,28.903383,False,5
378,5,10.524852,27.583975,False,5
379,5,11.772241,31.189028,False,5
380,5,11.159071,28.245476,False,5
381,5,11.709092,28.764086,False,5
382,5,11.965553,31.499435,False,5
383,5,11.269478,27.761702,False,5
384,5,10.519962,26.836016,False,5
385,5,10.944086,28.979761,False,5
386,5,14.433732,34.292133,False,5
387,5,14.051422,34.209103,False,5
388,5,14.517895,32.425213,False,5
389,5,14.780854,32.902195,False,5
390,5,15.090055,32.9407,False,5
391,5,14.342609,32.97359,False,5
392,5,14.305408,32.63886,False,5
393,5,15.414104,35.61416,False,5
394,5,14.21044,33.37078,False,5
395,5,15.217416,32.61095,False,5
396,5,15.656377,35.414143,False,5
397,5,14.913237,33.53573,False,5
398,5,14.526,33.907818,False,5
399,5,14.119674,34.4994,False,5
400,5,13.734853,32.066303,False,5
401,5,13.046294,30.636148,False,5
402,5,13.799749,31.171402,False,5
403,5,13.309998,32.3854,False,5
404,5,13.219485,30.327032,False,5
405,5,13.227101,32.08501,False,5
406,5,13.650654,30.83504,False,5
407,5,13.300735,31.42275,False,5
408,5,18.156845,38.293633,False,5
409,5,21.704247,36.683304,False,5
410,5,12.847269,32.744015,False,5
411,5,19.51574,37.22888,False,5
412,5,19.012375,37.35893,False,5
413,5,18.594885,37.782364,False,5
414,5,15.194382,34.526997,False,5
415,5,13.996678,32.467434,False,5
416,5,13.851805,32.881973,False,5
417,5,15.459473,35.683735,False,5
418,5,15.423791,36.344208,False,5
419,5,15.73407,35.930874,False,5
420,5,15.312026,36.092712,False,5
421,5,15.314991,36.37709,False,5
422,5,15.5527935,35.07664,False,5
423,5,15.474217,35.410423,False,5
424,5,16.126034,36.109562,False,5
425,5,16.063995,36.628338,False,5
426,5,13.922707,33.20851,False,5
427,5,15.141921,33.72888,False,5
428,5,15.770645,34.15192,False,5
429,5,14.795266,34.17052,False,5
430,5,19.307983,34.81538,False,5
431,5,18.269827,36.199745,False,5
432,5,17.041317,34.78731,False,5
433,5,17.820118,37.97491,False,12
434,5,19.228056,35.587273,False,5
435,5,15.2967005,32.742756,False,5
436,5,15.999064,32.835823,False,5
437,5,18.109901,34.238213,False,5
438,5,17.53564,35.883003,False,5
439,5,18.083685,36.245167,False,5
440,5,15.372619,32.598316,False,5
441,5,15.538837,32.54125,False,5
442,5,19.49893,37.168545,False,5
443,5,16.20081,35.63026,False,5
444,5,16.833181,36.569813,False,5
445,5,16.13245,34.826534,False,5
446,5,16.656704,35.88399,False,5
447,5,16.507349,36.610283,False,5
448,5,19.001225,37.20283,False,5
449,5,15.718697,33.339375,False,5
450,5,16.417147,33.723686,False,5
451,5,18.889488,36.661003,False,5
452,5,17.808271,37.29148,False,5
453,5,18.215366,37.826996,False,5
454,5,14.893491,32.344067,False,5
455,5,12.588075,30.638655,False,5
456,5,15.240281,32.51332,False,5
457,5,16.425806,36.157513,False,5
458,5,18.407324,37.603607,False,5
459,5,15.244105,32.43419,False,5
460,5,12.911918,31.083607,False,5
461,5,14.735816,32.136658,False,5
462,5,13.073357,23.992437,False,5
463,5,13.322438,24.141432,False,5
464,5,13.283093,24.476358,False,5
465,5,12.972062,24.321379,False,5
466,5,13.138674,24.276752,False,5
467,5,13.819205,24.893873,False,5
468,5,12.956189,24.961355,False,5
469,5,13.0631,25.124292,False,5
470,5,13.350854,24.84039,False,5
471,5,19.172768,33.40649,False,5
472,5,17.131203,34.547173,False,5
473,5,19.16615,32.598736,False,5
474,5,19.561295,30.428644,False,5
475,5,16.673492,33.24224,False,5
476,5,18.176731,33.87732,False,5
477,5,15.847443,35.57076,False,5
478,5,18.494162,31.850492,False,5
479,5,15.921473,35.592133,False,5
480,5,16.14577,35.427837,False,5
481,5,16.622921,33.23525,False,5
482,5,11.784499,26.586777,False,5
483,5,12.645239,29.306019,False,5
484,5,11.717952,27.037735,False,5
485,5,12.039479,28.016441,False,5
486,5,12.920732,29.171133,False,5
487,5,11.9417305,26.77957,False,5
488,5,12.570976,29.825077,False,5
489,5,12.666575,28.439302,False,5
490,5,11.821668,28.15128,False,5
491,5,12.113204,28.92853,False,5
492,5,12.316413,26.529745,False,5
493,5,12.342857,29.563036,False,5
494,5,12.280348,27.50243,False,5
495,5,12.964993,29.856651,False,5
496,5,12.711442,27.69556,False,5
497,5,20.304026,33.18598,False,5
498,5,17.916563,30.81518,False,5
499,5,19.95422,32.60645,False,5
500,5,19.597755,30.690086,False,5
501,5,20.001572,34.713192,False,5
502,5,18.064932,29.040989,False,5
503,5,18.5049,25.759878,False,5
504,5,18.181849,32.452477,False,5
505,5,18.36572,32.75287,False,5
506,5,20.130983,29.061176,False,5
507,5,19.233942,29.637783,False,5
508,5,21.833502,35.792976,False,5
509,5,21.242338,28.701336,False,5
510,5,21.133375,34.946163,False,5
511,5,18.530079,31.954624,False,5
512,5,10.69034,31.537252,False,5
513,5,12.262961,30.829323,False,5
514,5,9.786352,28.413546,False,5
515,5,13.073192,22.341671,False,5
516,5,10.505749,29.971836,False,5
517,5,10.258597,28.82758,False,5
518,5,11.42519,29.393118,False,5
519,5,10.13855,30.824322,False,5
520,5,10.053727,27.745573,False,5
521,5,12.397331,30.025286,False,5
522,5,9.534218,24.12255,False,5
523,5,12.450569,30.846018,False,5
524,5,11.710313,31.102856,False,5
525,5,11.316551,29.823736,False,5
526,5,10.475756,25.648731,False,5
527,5,12.761663,22.736794,False,5
528,5,10.009061,26.747498,False,5
529,5,12.889143,22.044027,False,5
530,5,11.877867,22.804497,False,5
531,5,10.536382,25.136292,False,5
532,5,10.778128,24.514847,False,5
533,5,11.516829,30.059305,False,5
534,5,11.91366,29.506012,False,5
535,5,12.240615,22.600317,False,5
536,5,10.708487,31.105988,False,5
537,5,11.972321,30.00157,False,5
538,5,12.675686,22.454165,False,5
539,5,11.1509075,30.54495,False,5
540,5,11.096904,29.518297,False,5
541,5,10.957962,24.2765,False,5
542,5,10.538773,29.38459,False,5
543,5,12.991795,22.67393,False,5
544,5,11.55043,23.298336,False,5
545,5,10.970621,23.512405,False,5
546,5,10.544614,30.408125,False,5
547,5,11.097475,24.751205,False,5
548,5,10.55345,23.7635,False,5
549,5,11.377412,23.095327,False,5
550,5,12.7346115,31.261826,False,5
551,5,12.525248,31.586079,False,5
552,5,12.597099,33.872375,False,5
553,5,11.353068,31.935728,False,5
554,5,11.9530115,30.792803,False,5
555,5,12.526836,33.43812,False,5
556,5,12.732616,34.805042,False,5
557,5,12.674098,32.985077,False,5
558,5,10.730081,29.856411,False,5
559,5,14.642931,35.00549,False,5
560,5,14.274263,35.93257,False,12
561,5,13.5355215,35.36822,False,5
562,1,10.526024,34.111332,False,1
563,5,10.076873,30.919962,False,5
564,5,13.630566,34.56891,False,5
565,12,13.720874,36.066624,False,12
566,5,13.233516,34.808655,False,5
567,5,11.805771,31.002415,False,5
568,5,11.10248,29.937023,False,5
569,5,12.172275,34.60504,False,5
570,5,12.367446,32.30541,False,5
571,5,12.895003,34.188194,False,5
572,5,11.663105,33.63949,False,5
573,5,12.097627,31.77256,False,5
574,12,12.934075,35.838135,False,12
575,5,11.133071,33.80095,False,5
576,5,11.679947,30.410128,False,5
577,5,12.054299,34.21202,False,5
578,5,13.335568,35.103672,False,5
579,12,13.378561,35.800877,False,12
580,1,11.119713,34.68353,False,1
581,5,13.013378,32.46274,False,5
582,5,12.03033,30.309126,False,5
583,5,11.215292,30.410568,False,5
584,5,13.707154,33.500988,False,5
585,5,10.995504,29.704117,False,5
586,5,12.885577,32.628742,False,5
587,5,14.031355,35.37752,False,5
588,5,14.106574,33.74822,False,5
589,5,13.424442,32.80595,False,5
590,12,14.959096,36.33254,False,12
591,12,14.567125,36.187897,False,12
592,5,13.471443,33.251694,False,5
593,5,13.756305,33.86348,False,5
594,5,13.111314,33.717876,False,5
595,5,10.742956,30.365866,False,5
596,5,12.821615,31.99492,False,5
597,5,10.902937,30.14436,False,5
598,5,12.793021,31.60272,False,5
599,5,11.625306,34.79645,False,5
600,5,14.164474,35.07712,False,5
601,5,12.729334,34.073128,False,5
602,5,13.863295,32.34158,False,5
603,5,12.677815,32.81417,False,5
604,5,13.966454,34.0581,False,5
605,5,14.087329,32.318367,False,5
606,5,14.751181,33.299828,False,5
607,5,15.195751,32.99722,False,5
608,5,13.667304,34.296448,False,5
609,5,12.09904,34.37331,False,5
610,5,12.964602,34.029743,False,5
611,5,15.992336,32.59302,False,5
612,5,12.159149,34.31299,False,5
613,1,11.447283,34.581932,False,1
614,5,13.523575,32.517075,False,5
615,5,14.024733,33.572544,False,5
616,5,15.415952,32.556057,False,5
617,5,16.014833,32.551495,False,5
618,5,15.554518,32.564037,False,5
619,5,12.876282,32.759468,False,5
620,12,15.445237,36.38774,False,12
621,5,14.3482,33.601383,False,5
622,5,13.334834,32.645805,False,5
623,12,15.839475,36.314705,False,12
624,12,15.3983755,36.419697,False,12
625,5,16.073298,36.27149,False,5
626,5,14.949127,33.260525,False,5
627,5,13.778917,33.796906,False,5
628,5,13.235078,33.826103,False,5
629,5,14.225646,33.791676,False,5
630,5,15.49307,32.458996,False,5
631,1,11.4376545,34.656986,False,1
632,5,17.02856,30.652063,False,5
633,5,17.299917,33.00159,False,5
634,5,15.02713,32.187233,False,5
635,5,16.89539,28.412657,False,5
636,5,15.972841,25.857174,False,5
637,5,16.730751,32.661823,False,5
638,5,17.8412,32.90491,False,5
639,5,15.421497,23.20719,False,5
640,5,18.168758,33.46919,False,5
641,5,15.498483,30.97973,False,5
642,5,16.097986,32.323742,False,5
643,5,15.387509,23.643127,False,5
644,5,17.613462,32.060314,False,5
645,5,15.54069,28.44169,False,5
646,5,16.127905,32.07124,False,5
647,5,15.755522,24.245222,False,5
648,5,15.4620075,32.31608,False,5
649,5,14.586982,31.897358,False,5
650,5,14.1319275,31.872572,False,5
651,5,13.460898,22.355762,False,5
652,5,13.769785,25.541157,False,5
653,5,13.36126,28.968517,False,5
654,5,14.095876,27.288252,False,5
655,5,12.805066,25.094118,False,5
656,5,11.064172,26.697472,False,5
657,5,11.537599,26.55042,False,5
658,5,11.420314,26.20074,False,5
659,5,11.386724,27.003704,False,5
660,5,10.953048,25.897095,False,5
661,5,11.521837,27.451887,False,5
662,5,10.205386,24.569708,False,5
663,5,11.648242,24.764545,False,5
664,5,11.606143,27.998032,False,5
665,5,11.672855,25.992083,False,5
666,5,10.743891,25.544893,False,5
667,5,11.332118,27.564528,False,5
668,5,10.969097,26.237728,False,5
669,5,11.948624,25.132568,False,5
670,5,10.765999,25.078535,False,5
671,5,11.680975,24.333004,False,5
672,5,11.133086,25.368702,False,5
673,5,12.273176,24.263952,False,5
674,5,11.262332,24.318357,False,5
675,5,11.776744,23.939007,False,5
676,5,12.404439,24.987644,False,5
677,5,11.724669,23.494287,False,5
678,5,12.398027,25.242086,False,5
679,5,12.022885,24.825308,False,5
680,5,12.281295,24.743158,False,5
681,5,11.303864,23.91041,False,5
682,5,12.137999,23.970068,False,5
683,5,12.437895,25.688711,False,5
684,5,11.36316,25.132069,False,5
685,5,11.845257,25.577187,False,5
686,5,13.520491,28.210043,False,5
687,5,12.783358,30.45133,False,5
688,5,14.013857,23.57293,False,5
689,5,12.758618,26.657442,False,5
690,5,14.792719,23.009283,False,5
691,5,14.147436,30.799995,False,5
692,5,13.213263,25.36772,False,5
693,5,14.639577,30.361553,False,5
694,5,13.924252,29.676256,False,5
695,5,14.0575075,22.8788,False,5
696,5,13.656401,24.273804,False,5
697,5,13.131684,25.969162,False,5
698,5,13.449127,22.835503,False,5
699,5,14.686247,23.441397,False,5
700,5,14.514927,22.713177,False,5
701,5,14.555686,24.700705,False,5
702,5,14.370064,26.05219,False,5
703,5,12.619305,25.102915,False,5
704,5,12.769663,25.303024,False,5
705,5,13.699759,23.25191,False,5
706,5,13.103354,30.040586,False,5
707,5,12.743618,25.656178,False,5
708,5,13.815945,22.448212,False,5
709,5,14.323602,28.9401,False,5
710,5,13.435318,25.083721,False,5
711,5,14.725607,24.039759,False,5
712,5,14.008092,30.633587,False,5
713,5,13.487833,26.880716,False,5
714,5,14.413461,31.980295,False,5
715,5,13.328776,27.710087,False,5
716,5,12.838573,24.91762,False,5
717,5,13.72596,23.705736,False,5
718,5,12.895221,23.051584,False,5
719,5,12.330279,22.932043,False,5
720,5,12.572308,24.137486,False,5
721,5,13.513618,24.028418,False,5
722,5,13.282879,23.06443,False,5
723,5,14.18923,24.681416,False,5
724,5,12.634567,24.948265,False,5
725,5,12.143512,23.484283,False,5
726,5,12.585208,24.67513,False,5
727,5,13.531109,23.52939,False,5
728,5,12.87213,24.513126,False,5
729,5,12.320433,23.847183,False,5
730,5,12.414904,23.313421,False,5
731,5,13.042109,23.530027,False,5
732,14,9.51719,11.767318,False,14
733,14,8.95522,10.884733,False,14
734,14,11.61254,10.38888,False,14
735,14,11.803665,12.019777,False,14
736,14,11.3771515,11.278346,False,14
737,14,11.816591,11.448562,False,14
738,14,10.818206,11.104594,False,14
739,14,12.663552,12.794925,False,14
740,14,12.876521,13.273191,False,14
741,14,12.16335,10.963997,False,14
742,14,11.902293,13.250516,False,14
743,0,11.674666,9.71135,False,0
744,14,11.64687,12.5423565,False,14
745,14,11.612151,13.181729,False,14
746,14,12.993071,13.537445,False,14
747,14,12.012715,13.617847,False,14
748,14,12.17778,12.674685,False,14
749,14,11.852752,13.199615,False,14
750,14,12.422887,13.451594,False,14
751,14,11.7931185,10.999064,False,14
752,14,12.486988,13.1775255,False,14
753,14,11.699818,11.195558,False,14
754,14,12.210049,11.828838,False,14
755,0,5.8641,7.432833,False,0
756,0,6.9666452,7.5833654,False,0
757,0,6.496883,7.324806,False,0
758,0,5.8108773,7.325587,False,0
759,0,7.400354,7.314433,False,0
760,0,7.2842884,8.156872,False,0
761,0,5.7873893,6.177982,False,0
762,0,6.615969,5.883091,False,0
763,0,7.7499766,5.3759646,False,0
764,0,7.848027,6.430518,False,0
765,0,8.539863,4.9921675,False,0
766,0,6.937824,3.7042847,False,0
767,0,6.8961453,5.0816293,False,0
768,0,7.4611616,4.4395494,False,0
769,0,7.559036,3.6116796,False,0
770,14,10.439586,9.890905,False,14
771,14,9.544777,12.322219,False,14
772,14,9.140677,12.598908,False,14
773,14,10.186871,12.647601,False,14
774,14,9.953279,11.322048,False,14
775,14,9.44376,12.58204,False,14
776,14,9.847735,11.991798,False,14
777,14,10.303448,13.028892,False,14
778,0,10.926396,7.2133656,False,0
779,0,10.923842,8.644239,False,0
780,14,9.622636,11.762987,False,14
781,14,9.936946,13.20986,False,14
782,14,10.311815,13.360957,False,14
783,14,10.19038,13.393256,False,14
784,14,9.488654,9.912181,False,14
785,14,9.92292,12.229298,False,14
786,14,9.811197,12.731618,False,14
787,14,9.304077,10.9128,False,14
788,14,9.15737,12.591839,False,14
789,0,7.627075,9.275166,False,0
790,14,9.30828,12.116013,False,14
791,0,7.9711676,5.1143045,False,0
792,0,8.861416,7.141682,False,0
793,14,8.418843,11.968031,False,14
794,14,8.669598,12.364341,False,14
795,0,9.616189,8.327994,False,0
796,0,8.188105,6.8861685,False,0
797,0,9.367601,3.7189724,False,0
798,14,8.8679285,12.059962,False,14
799,0,8.517795,8.204312,False,0
800,0,9.717949,6.733451,False,0
801,14,9.411678,11.858697,False,14
802,0,7.6695538,2.8660533,False,0
803,0,7.8870716,4.6097255,False,0
804,0,8.336799,3.6114101,False,0
805,14,8.306263,10.750335,False,14
806,14,11.564027,14.114088,False,14
807,14,11.914479,14.120303,False,14
808,14,11.1953335,13.630514,False,14
809,14,12.017872,14.502043,False,14
810,14,12.332367,13.866838,False,14
811,14,12.543091,13.674911,False,14
812,14,12.183833,14.27072,False,14
813,0,7.072133,9.102917,False,0
814,0,7.168967,9.978587,False,0
815,0,4.6035886,7.8856215,False,0
816,0,5.810452,6.6815057,False,0
817,0,4.7678127,6.1052685,False,0
818,0,5.066597,8.262128,False,0
819,0,5.5481176,5.553845,False,0
820,0,6.4863186,4.4026217,False,0
821,0,6.2257314,4.7716136,False,0
822,0,4.6674175,7.032819,False,0
823,14,7.4317155,11.144679,False,14
824,14,8.001851,11.850566,False,14
825,14,9.590412,11.975768,False,14
826,14,9.338628,11.544078,False,14
827,0,6.1281576,8.819167,False,0
828,0,9.614542,7.7731504,False,0
829,14,12.66205,10.792821,False,14
830,14,12.34555,9.996264,False,14
831,0,9.984326,9.33915,False,0
832,0,9.61328,8.948736,False,0
833,0,12.885162,7.566189,False,0
834,0,12.787692,8.755764,False,0
835,0,12.708966,7.852989,False,0
836,0,12.594883,7.6739616,False,0
837,0,12.207036,7.3342505,False,0
838,0,12.98524,8.242109,False,0
839,0,12.902635,8.136303,False,0
840,0,12.429485,7.5190516,False,0
841,0,12.607083,8.068531,False,0
842,0,12.644498,8.565663,False,0
843,0,13.162472,7.7232475,False,0
844,0,12.432095,7.7907524,False,0
845,0,12.349157,8.34378,False,0
846,0,13.001033,7.611729,False,0
847,0,12.68435,7.488804,False,0
848,0,12.441399,7.9783416,False,0
849,0,13.144588,8.207989,False,0
850,0,12.884639,7.922193,False,0
851,0,13.124067,7.9833446,False,0
852,0,12.245306,7.627553,False,0
853,0,12.821602,7.6947837,False,0
854,0,12.891884,8.34861,False,0
855,0,12.93937,8.530928,False,0
856,0,11.607135,7.434801,False,0
857,0,11.387576,7.2011733,False,0
858,0,11.386017,7.5646734,False,0
859,0,11.648734,7.1106977,False,0
860,0,11.442819,7.30598,False,0
861,0,11.223972,7.9633827,False,0
862,0,11.640796,7.692604,False,0
863,0,11.952662,7.3754144,False,0
864,0,11.707259,8.526691,False,0
865,0,11.839081,7.6575227,False,0
866,0,12.07254,7.695138,False,0
867,0,11.284181,7.093504,False,0
868,14,13.515674,13.075532,False,14
869,14,12.854833,11.570499,False,14
870,14,13.209704,12.613778,False,14
871,14,12.995917,12.028854,False,14
872,0,6.527058,3.5649474,False,0
873,0,6.5769906,2.9417129,False,0
874,14,13.3482065,13.455038,False,14
875,14,13.000391,13.654746,False,14
876,14,8.952395,9.721043,False,14
877,14,6.894984,11.250381,False,14
878,0,6.419234,6.8317533,False,0
879,0,7.788455,8.581114,False,0
880,0,6.1431637,6.6764035,False,0
881,14,9.429321,12.331567,False,14
882,0,6.893887,6.6173186,False,0
883,14,9.331842,12.817925,False,14
884,14,9.29855,12.64543,False,14
885,14,9.692128,12.034254,False,14
886,0,7.5797205,6.7566605,False,0
887,0,8.920846,5.377824,False,0
888,0,7.959778,7.701004,False,0
889,0,8.943883,6.066775,False,0
890,14,9.54588,12.087547,False,14
891,14,8.196342,10.276049,False,14
892,14,9.244559,12.5158615,False,14
893,14,11.467781,14.371931,False,14
894,14,9.268897,12.919653,False,14
895,14,8.362031,12.229748,False,14
896,14,11.107917,13.823359,False,14
897,14,8.6417055,12.560007,False,14
898,14,12.083834,14.58338,False,14
899,14,10.82377,13.620503,False,14
900,14,9.828374,13.242721,False,14
901,14,10.57801,13.528479,False,14
902,14,10.324801,13.47126,False,14
903,14,12.350437,14.297743,False,14
904,14,10.64063,13.025729,False,14
905,14,10.420577,11.789951,False,14
906,14,10.791877,12.184894,False,14
907,14,10.826744,12.879927,False,14
908,14,11.127216,12.837075,False,14
909,14,10.301781,11.539899,False,14
910,14,11.363469,12.00868,False,14
911,14,10.946847,11.747644,False,14
912,14,10.457144,12.372039,False,14
913,14,10.4407425,11.980784,False,14
914,14,10.845375,13.510728,False,14
915,14,10.599952,13.429335,False,14
916,14,10.174141,12.065382,False,14
917,14,13.350401,13.186259,False,14
918,14,12.710532,10.885996,False,14
919,14,12.392361,10.503477,False,14
920,14,12.696078,11.423456,False,14
921,14,12.645982,12.080188,False,14
922,14,12.441738,10.952091,False,14
923,0,12.533384,9.580177,False,0
924,14,12.937248,10.747103,False,14
925,0,13.026148,9.998435,False,0
926,14,13.037738,12.709844,False,14
927,14,12.945925,10.36357,False,14
928,14,13.114976,11.720138,False,14
929,14,13.163101,10.852292,False,14
930,0,10.471483,8.765696,False,0
931,0,10.426674,7.811125,False,0
932,0,10.6564245,8.649557,False,0
933,0,10.02392,5.5673895,False,0
934,0,11.200756,4.706547,False,0
935,0,10.425252,4.3980284,False,0
936,0,11.956292,6.0567307,False,0
937,0,11.931202,5.700714,False,0
938,0,12.1646185,6.547202,False,0
939,0,11.986787,5.2782717,False,0
940,0,11.879089,6.7542925,False,0
941,0,11.907052,4.804857,False,0
942,0,11.720085,4.511238,False,0
943,0,11.4659,6.3416133,False,0
944,0,11.203345,5.0772963,False,0
945,0,11.936012,6.926804,False,0
946,0,12.5136795,5.818936,False,0
947,0,12.772166,7.2447085,False,0
948,0,13.179672,4.8916264,False,0
949,0,12.485425,6.87862,False,0
950,0,12.82542,5.2303944,False,0
951,0,12.819026,5.4699807,False,0
952,0,13.673471,5.375997,False,0
953,0,13.348972,5.826975,False,0
954,0,13.418517,4.5180182,False,0
955,0,13.42677,5.375989,False,0
956,0,13.692331,5.723215,False,0
957,0,13.216172,6.311941,False,0
958,0,12.985578,7.2963963,False,0
959,0,12.549553,6.5713167,False,0
960,0,12.63377,4.265985,False,0
961,0,13.155419,5.306847,False,0
962,0,12.751911,6.2751155,False,0
963,0,12.978922,5.795821,False,0
964,0,13.462079,6.274128,False,0
965,0,12.469861,7.260129,False,0
966,0,12.516565,5.180747,False,0
967,0,13.011865,6.4368362,False,0
968,0,12.940146,4.889666,False,0
969,0,12.34632,6.1053967,False,0
970,0,12.359641,4.8887696,False,0
971,0,13.477058,5.0007143,False,0
972,0,12.483098,5.4593077,False,0
973,0,13.036635,5.128282,False,0
974,0,13.2428465,5.542396,False,0
975,0,12.762325,5.002006,False,0
976,0,12.843409,6.8059707,False,0
977,0,12.667404,5.981795,False,0
978,0,12.472655,6.9347105,False,0
979,0,12.279803,6.575266,False,0
980,14,12.865665,11.278313,False,14
981,0,11.707446,6.998418,False,0
982,0,13.465515,5.7336783,False,0
983,0,11.906844,5.080977,False,0
984,0,12.09102,6.831336,False,0
985,0,13.192063,6.4561796,False,0
986,0,11.613563,7.743769,False,0
987,0,11.669208,8.605758,False,0
988,0,12.518106,6.624213,False,0
989,0,11.784256,4.809178,False,0
990,0,11.970862,4.2462893,False,0
991,0,13.126535,5.3144693,False,0
992,0,12.367283,6.3590074,False,0
993,0,12.973144,5.6886544,False,0
994,0,13.532006,6.2451005,False,0
995,0,13.017119,6.5314355,False,0
996,0,13.030597,4.9045897,False,0
997,0,12.494678,6.182281,False,0
998,0,12.167415,4.710171,False,0
999,0,11.912219,6.9421244,False,0
1000,0,13.053763,5.1277456,False,0
1001,0,12.778709,6.673034,False,0
1002,0,5.369567,7.524353,False,0
1003,0,4.9977813,7.825334,False,0
1004,0,6.0612774,6.991545,False,0
1005,0,5.536522,7.0321555,False,0
1006,0,5.0129385,6.840129,False,0
1007,0,6.484609,6.951493,False,0
1008,0,5.885952,8.5341215,False,0
1009,0,6.2652993,8.002217,False,0
1010,0,6.5539737,7.4722257,False,0
1011,0,7.5361586,5.1504984,False,0
1012,0,7.1587806,5.4309464,False,0
1013,0,7.402927,4.5872684,False,0
1014,0,7.183874,3.8773532,False,0
1015,0,7.092867,3.046428,False,0
1112,12,13.368903,39.876095,False,12
1113,12,13.35984,39.79135,False,12
1114,1,9.808576,37.520977,False,1
1115,11,9.310441,42.12275,False,11
1116,11,6.475327,42.698288,False,11
1117,1,6.3550396,38.0168,False,1
1118,1,9.72482,37.35237,False,1
1119,1,9.59958,36.83518,False,1
1120,1,6.646705,37.84582,False,1
1121,12,13.077399,38.881363,False,12
1122,12,13.363992,38.886204,False,12
1123,1,8.310923,37.62261,False,1
1124,12,13.633332,38.993496,False,12
1125,12,9.608612,39.233368,False,12
1126,1,7.8626976,34.533276,False,1
1127,11,9.33616,42.113045,False,11
1128,1,9.66801,37.981606,False,1
1129,1,8.757486,39.01644,False,1
1130,1,6.989499,39.52965,False,1
1131,11,5.506762,43.46714,False,11
1132,1,8.46751,39.25788,False,1
1133,1,8.524127,39.27159,False,1
1134,1,7.821025,38.66731,False,1
1135,12,11.269691,40.43325,False,12
1136,1,9.427538,38.416992,False,1
1137,12,13.3765955,37.97918,False,12
1138,1,9.034816,38.727837,False,1
1139,11,9.58886,41.860394,False,11
1140,12,13.824424,38.62074,False,12
1141,12,11.267257,37.48964,False,12
1142,12,14.317572,38.151676,False,12
1143,12,14.274871,39.465717,False,12
1144,12,13.24434,39.503345,False,12
1145,12,14.533641,38.026875,False,12
1146,1,7.247572,37.99517,False,1
1147,12,12.12314,37.77777,False,12
1148,1,7.262061,36.55248,False,1
1149,1,5.953324,38.998272,False,1
1150,1,5.8832493,38.983635,False,1
1151,12,14.17532,38.93225,False,12
1152,12,14.166651,38.88375,False,12
1153,11,11.304885,41.686466,False,11
1154,11,10.044132,41.048794,False,11
1155,12,13.558462,40.720802,False,12
1156,1,7.3192673,39.784397,False,1
1157,1,7.8553653,36.58453,False,1
1158,1,5.48328,38.83666,False,1
1159,12,13.677415,39.677494,False,12
1160,12,14.2856245,39.14848,False,12
1161,12,14.404013,38.939327,False,12
1162,1,8.772045,38.817654,False,1
1163,1,8.897209,38.804634,False,1
1164,1,7.9598255,33.276646,False,1
1165,12,12.417624,39.563923,False,12
1166,12,10.814272,39.613,False,12
1167,1,8.121672,35.518227,False,1
1168,1,9.207477,39.11889,False,1
1169,12,10.057355,38.997517,False,12
1170,1,6.5655313,38.3025,False,1
1171,1,6.6093545,38.43625,False,1
1172,1,6.6058583,38.41987,False,1
1173,12,11.936121,36.74159,False,12
1174,1,8.594309,35.780136,False,1
1175,1,7.993935,38.179497,False,1
1176,1,5.573418,37.159912,False,1
1177,1,5.78762,37.81518,False,1
1178,12,11.502018,39.4951,False,12
1179,1,8.976595,37.85346,False,1
1180,1,9.041646,37.85737,False,1
1181,1,7.830234,37.72462,False,1
1182,1,8.557799,37.695023,False,1
1183,11,9.199115,40.213413,False,11
1184,11,7.9032273,40.177967,False,11
1185,11,9.308168,42.17588,False,11
1186,12,10.120986,37.007862,False,12
1187,1,7.636691,37.985245,False,1
1188,1,6.1785493,38.78242,False,1
1189,11,8.713511,40.202015,False,11
1190,1,7.7329125,35.463966,False,1
1191,12,10.182059,37.883007,False,12
1192,1,8.603486,34.52628,False,1
1193,1,7.359442,37.861225,False,1
1194,12,9.459649,39.4577,False,12
1195,12,11.821823,39.03815,False,12
1196,12,10.681011,36.7518,False,12
1197,12,9.558133,39.776634,False,12
1198,12,10.601688,39.803547,False,12
1199,1,9.0365505,38.756836,False,1
1200,11,8.700267,43.37845,False,11
1201,1,6.0397034,37.563007,False,1
1202,1,5.949041,37.55903,False,1
1203,1,6.671198,38.72892,False,1
1204,1,7.0663714,37.70625,False,1
1205,1,4.8476863,38.86674,False,1
1206,12,10.941479,39.969986,False,12
1207,12,9.491642,39.870625,False,12
1208,1,6.355351,39.011845,False,1
1209,1,7.332749,38.666214,False,1
1210,1,7.4510293,38.652817,False,1
1211,12,10.544873,40.011135,False,12
1212,12,11.5528965,41.474903,False,12
1213,12,11.612498,41.416092,False,12
1214,11,8.531087,40.060055,False,11
1215,1,7.937482,39.134274,False,1
1216,11,9.571585,41.783417,False,11
1217,12,14.040245,37.901817,False,12
1218,12,9.3437605,39.615334,False,12
1219,1,9.992263,34.47588,False,1
1220,12,10.348844,39.96502,False,12
1221,1,7.3394265,38.210514,False,1
1222,12,13.92146,39.74952,False,12
1223,12,13.868393,39.737156,False,12
1224,12,10.221095,38.001194,False,12
1225,11,8.085765,44.170776,False,11
1226,11,9.097194,40.025536,False,11
1227,11,8.996878,40.169872,False,11
1228,11,9.604684,43.131763,False,11
1229,11,9.355745,42.055218,False,11
1230,12,12.048899,40.316288,False,12
1231,12,13.638226,37.128204,False,12
1232,12,14.121744,38.727383,False,12
1233,12,10.845176,36.83198,False,12
1234,1,9.131485,35.312267,False,1
1235,11,10.673505,42.526684,False,11
1236,12,12.55038,37.065144,False,12
1237,11,7.1341395,42.405083,False,11
1238,11,8.747283,42.571617,False,11
1239,11,8.52005,42.318157,False,11
1240,11,9.224307,42.332577,False,11
1241,1,9.446381,35.09674,False,1
1242,1,8.473117,36.38251,False,1
1243,12,11.584031,37.38878,False,12
1244,12,11.568814,37.35616,False,12
1245,1,9.095934,37.15409,False,1
1246,1,9.786972,34.70226,False,1
1247,12,10.971666,36.911076,False,12
1248,11,4.6923075,42.70362,False,11
1249,1,6.28174,36.559807,False,1
1250,12,10.028157,37.71667,False,12
1251,12,9.743878,39.531548,False,12
1252,12,11.161631,40.05627,False,12
1253,12,11.192419,40.01491,False,12
1254,1,6.814363,37.61466,False,1
1255,12,10.45258,38.200672,False,12
1256,1,8.091272,35.710438,False,1
1257,1,8.659263,38.24461,False,1
1258,1,8.4515915,36.348747,False,1
1259,11,9.063957,41.638947,False,11
1260,11,8.904986,40.775337,False,11
1261,1,9.335816,34.543118,False,1
1262,1,7.5309715,39.25105,False,1
1263,11,7.703236,40.05778,False,11
1264,1,5.4512796,36.666492,False,1
1265,1,6.53206,38.84512,False,1
1266,12,13.961686,40.18192,False,12
1267,1,6.7119966,40.1645,False,1
1268,11,9.187797,39.685284,False,11
1269,1,9.117063,38.95239,False,1
1270,11,6.1642227,43.193203,False,11
1271,1,6.3427744,35.238598,False,1
1272,12,13.239784,38.45799,False,12
1273,12,10.833861,37.75379,False,12
1274,12,13.007292,41.387363,False,12
1275,1,9.350006,36.95957,False,1
1276,1,6.93879,38.209015,False,1
1277,11,8.381478,43.297657,False,11
1278,1,10.128791,35.114487,False,1
1279,1,8.430263,35.530315,False,1
1280,1,5.734164,38.56969,False,1
1281,1,7.123847,38.46181,False,1
1282,1,8.748988,38.971252,False,1
1283,1,7.3720493,35.6735,False,1
1284,11,9.575757,41.999683,False,11
1285,12,14.269125,39.28955,False,12
1286,11,7.023218,43.92812,False,11
1287,1,6.9529433,37.861713,False,1
1288,1,9.285456,35.505825,False,1
1289,1,9.401167,35.633526,False,1
1290,11,8.613317,40.747875,False,11
1291,11,7.630451,46.66202,False,11
1292,1,5.7839413,36.5863,False,1
1293,11,4.416289,41.301067,False,11
1294,1,8.980277,38.839066,False,1
1295,1,7.1078367,37.55274,False,1
1296,1,7.0746913,37.71012,False,1
1297,1,6.501879,38.711807,False,1
1298,1,8.915872,37.038532,False,1
1299,1,7.2696023,36.243923,False,1
1300,1,6.1209364,37.334564,False,1
1301,1,8.3165245,38.930138,False,1
1302,12,12.882558,39.340546,False,12
1303,1,8.3070135,36.651962,False,1
1304,1,6.52936,37.656643,False,1
1305,1,6.3654594,38.618504,False,1
1306,12,10.749653,38.695267,False,12
1307,1,6.9191523,38.33806,False,1
1308,1,8.6398115,39.540882,False,1
1309,1,8.280701,37.326637,False,1
1310,12,12.171375,38.71741,False,12
1311,1,8.322411,38.55234,False,1
1312,1,6.284237,38.393913,False,1
1313,1,5.6452484,38.238605,False,1
1314,1,5.6486187,38.312668,False,1
1315,1,10.5451355,35.956898,False,1
1316,1,6.2756248,36.811638,False,1
1317,1,6.6266494,38.853855,False,1
1318,1,9.053817,38.639656,False,1
1319,12,10.5378065,37.04835,False,12
1320,1,8.328262,35.128353,False,1
1321,12,10.705762,37.064762,False,12
1322,1,5.4815383,37.776806,False,1
1323,11,7.603851,43.616695,False,11
1324,11,8.306216,41.14008,False,11
1325,1,6.627122,38.58981,False,1
1326,1,8.119427,38.384686,False,1
1327,1,6.4281254,38.855057,False,1
1328,12,10.957767,36.50744,False,12
1329,11,5.2981386,41.677563,False,11
1330,1,8.146807,37.82687,False,1
1331,1,6.006238,38.154068,False,1
1332,1,9.055225,37.408253,False,1
1333,1,7.1418633,35.817707,False,1
1334,1,6.243839,37.577686,False,1
1335,1,6.2379956,37.5606,False,1
1336,12,12.484018,39.75373,False,12
1337,1,6.910911,36.367195,False,1
1338,12,11.584564,40.22718,False,12
1339,12,14.311618,38.57312,False,12
1340,12,12.611598,37.061546,False,12
1341,12,12.604903,36.874485,False,12
1342,11,9.600772,42.623615,False,11
1343,1,6.4916244,39.060432,False,1
1344,1,6.4540844,38.65249,False,1
1345,11,9.078965,40.867077,False,11
1346,11,9.0703335,40.82824,False,11
1347,11,8.112515,39.973007,False,11
1348,1,9.381495,37.328335,False,1
1349,1,8.390849,36.138733,False,1
1350,1,8.354742,37.157757,False,1
1351,1,6.586618,38.335987,False,1
1352,1,6.0637546,38.268513,False,1
1353,1,8.896589,36.132496,False,1
1354,1,9.361839,37.861736,False,1
1355,12,13.05282,37.68379,False,12
1356,12,12.980846,37.762623,False,12
1357,1,8.706183,36.288666,False,1
1358,1,6.51412,38.975986,False,1
1359,12,10.518792,40.365517,False,12
1360,1,8.930806,35.200974,False,1
1361,1,6.7494345,38.409515,False,1
1362,1,9.025045,35.06064,False,1
1363,1,7.7648106,38.28049,False,1
1364,12,14.29612,40.071297,False,12
1365,1,6.260835,38.523155,False,1
1366,1,7.3576136,37.95707,False,1
1367,1,6.991478,37.887688,False,1
1368,1,7.0470996,37.859875,False,1
1369,1,6.947524,37.66014,False,1
1370,1,6.880158,37.933605,False,1
1371,11,6.58447,43.48771,False,11
1372,12,11.226918,36.770622,False,12
1373,12,11.262754,36.84561,False,12
1374,12,11.371908,36.025005,False,12
1375,11,7.6900077,45.668594,False,11
1376,1,8.7553,37.28996,False,1
1377,12,13.530294,36.72295,False,12
1378,1,6.289604,37.297253,False,1
1379,1,6.488807,38.432453,False,1
1380,1,6.826841,38.218994,False,1
1381,1,6.441771,38.36015,False,1
1382,11,7.2569556,45.348198,False,11
1383,1,8.6191845,35.377846,False,1
1384,11,8.465366,40.469143,False,11
1385,11,8.427504,44.4815,False,11
1386,1,4.6788015,36.10412,False,1
1387,12,10.719535,40.285946,False,12
1388,11,6.6525936,40.82682,False,11
1389,1,8.790881,38.132977,False,1
1390,12,11.473613,38.839016,False,12
1391,1,6.5213256,38.827087,False,1
1392,12,13.231611,37.803085,False,12
1393,12,13.15032,37.897564,False,12
1394,1,10.467455,36.213593,False,1
1395,12,10.543836,37.993294,False,12
1396,11,6.079285,44.366657,False,11
1397,12,9.664372,39.525837,False,12
1398,12,10.233485,37.322247,False,12
1399,12,9.6599455,38.853043,False,12
1400,12,10.32714,37.728718,False,12
1401,12,11.862891,38.021206,False,12
1402,12,11.476263,36.842022,False,12
1403,1,6.8688736,35.516823,False,1
1404,12,11.2586355,37.1788,False,12
1405,1,8.213324,38.48515,False,1
1406,1,7.13079,36.145752,False,1
1407,11,9.600776,41.876926,False,11
1408,11,9.21455,41.43697,False,11
1409,11,9.315931,41.442024,False,11
1410,1,8.132324,36.53946,False,1
1411,1,7.4386425,36.839676,False,1
1412,1,8.596528,36.136818,False,1
1413,12,10.861736,37.614902,False,12
1414,11,8.225768,43.551216,False,11
1415,11,8.106296,43.592113,False,11
1416,11,8.050581,43.03125,False,11
1417,1,7.7433677,39.229183,False,1
1418,12,9.814955,38.600693,False,12
1419,12,13.63192,39.170242,False,12
1420,12,12.437393,38.6735,False,12
1421,12,10.20227,38.178097,False,12
1422,12,10.167581,38.145966,False,12
1423,1,5.046565,40.11633,False,1
1424,12,11.614648,39.22173,False,12
1425,12,10.526979,37.362656,False,12
1426,11,9.916311,42.49574,False,11
1427,1,9.80016,35.650494,False,1
1428,1,6.4641075,37.01208,False,1
1429,12,10.56635,37.490715,False,12
1430,1,8.532849,34.800865,False,1
1431,1,8.972044,38.091164,False,1
1432,12,11.613799,37.67761,False,12
1433,12,10.212729,38.63281,False,12
1434,1,5.6527734,37.37738,False,1
1435,12,11.146563,39.638096,False,12
1436,12,11.048514,39.488335,False,12
1437,12,10.779354,39.847355,False,12
1438,12,10.765807,40.046097,False,12
1439,1,4.212232,38.89351,False,2
1440,1,7.937482,35.54534,False,1
1441,1,9.050674,36.32075,False,1
1442,11,7.705156,44.4815,False,11
1443,11,7.116784,42.693108,False,11
1444,1,8.042857,39.562885,False,1
1445,1,6.409828,38.300613,False,1
1446,1,6.3541174,38.34203,False,1
1447,1,4.197524,37.775158,False,1
1448,1,7.0421157,34.665417,False,1
1449,12,13.634059,38.438774,False,12
1450,1,7.0768166,39.77107,False,1
1451,2,3.9652011,38.21708,False,2
1452,11,9.369641,42.126408,False,11
1453,1,6.751009,37.116116,False,1
1454,1,6.283905,37.454655,False,1
1455,11,9.298925,41.080498,False,11
1456,1,6.979103,39.18054,False,1
1457,1,6.8870883,39.152187,False,1
1458,1,8.292285,39.252323,False,1
1459,11,4.488402,42.098618,False,11
1460,11,4.162587,41.657722,False,11
1461,1,8.449313,35.82047,False,1
1462,1,7.386517,37.80612,False,1
1463,1,4.434552,38.137093,False,1
1464,12,11.929312,40.964325,False,12
1465,12,11.748417,41.0799,False,12
1466,1,5.3143525,38.32516,False,1
1467,1,8.176848,38.764874,False,1
1468,1,6.9214864,38.049904,False,1
1469,1,8.793099,38.90272,False,1
1470,11,9.486339,40.058907,False,11
1471,1,7.3399286,37.66253,False,1
1472,1,7.241866,37.897224,False,1
1473,12,12.5143795,38.195316,False,12
1474,12,12.411656,37.361362,False,12
1475,12,11.490319,38.073288,False,12
1476,11,6.6638746,42.31218,False,11
1477,12,12.243931,38.189472,False,12
1478,12,13.980807,39.10734,False,12
1479,12,14.186036,39.562096,False,12
1480,12,10.313108,39.886284,False,12
1481,12,14.507673,39.12063,False,12
1482,1,9.068252,38.362644,False,1
1483,1,9.015117,38.255405,False,1
1484,11,6.195817,43.90431,False,11
1485,12,12.310475,41.767452,False,12
1486,11,5.95109,42.07911,False,11
1487,11,6.4102635,44.365364,False,11
1488,1,4.920915,37.72184,False,1
1489,11,6.539571,43.07857,False,11
1490,12,12.933867,39.505135,False,12
1491,12,14.048782,39.236298,False,12
1492,1,8.122177,37.92435,False,1
1493,12,10.687221,38.217922,False,12
1494,12,13.946282,38.184185,False,12
1495,12,13.919439,38.96114,False,12
1496,12,12.755925,39.489086,False,12
1497,12,13.443471,39.505257,False,12
1498,1,7.825143,37.85561,False,1
1499,12,10.866137,38.392593,False,12
1500,12,10.50612,38.17705,False,12
1501,1,8.047618,37.753353,False,1
1502,1,7.9265084,37.75588,False,1
1503,12,9.828918,38.906837,False,12
1504,12,14.277665,39.149414,False,12
1505,12,13.140979,40.148773,False,12
1506,11,9.328145,42.22456,False,11
1507,11,9.911678,41.405952,False,11
1508,12,14.492678,39.68055,False,12
1509,12,11.81696,40.179256,False,12
1510,1,8.143517,38.036327,False,1
1511,1,6.370237,37.57664,False,1
1512,12,11.084843,36.897717,False,12
1513,12,11.829438,38.022133,False,12
1514,11,9.064182,42.127193,False,11
1515,11,8.884953,39.886395,False,11
1516,11,5.2126164,45.05201,False,11
1517,12,9.7877245,38.736595,False,12
1518,11,8.147743,42.27372,False,11
1519,11,5.0292735,40.901413,False,11
1520,12,10.6851845,37.26259,False,12
1521,12,11.887571,37.770176,False,12
1522,12,14.054125,39.575947,False,12
1523,11,10.618117,41.587658,False,11
1524,1,6.7203693,35.702244,False,1
1525,1,6.085451,37.42611,False,1
1526,1,9.037139,35.595596,False,1
1527,11,6.9762464,46.311283,False,11
1528,11,7.7191815,47.34477,False,11
1529,1,8.122223,33.97796,False,1
1530,1,8.2459955,34.5886,False,1
1531,1,8.147764,34.751278,False,1
1532,12,14.24313,39.43188,False,12
1533,11,7.3169565,43.207066,False,11
1534,1,5.8619375,37.075577,False,1
1535,11,7.3824234,40.15337,False,11
1536,11,8.146404,45.31893,False,11
1537,1,9.148061,34.934105,False,1
1538,12,12.3366375,39.070415,False,12
1539,12,11.8414345,39.276882,False,12
1540,1,8.363624,36.48128,False,1
1541,1,8.319105,38.195053,False,1
1542,1,7.1834984,39.172497,False,1
1543,1,5.916119,38.286484,False,1
1544,1,5.8992677,38.247948,False,1
1545,12,10.126046,40.46916,False,12
1546,1,8.818356,38.82762,False,1
1547,1,5.9880285,38.003742,False,1
1548,11,8.857616,40.984474,False,11
1549,1,7.2365317,37.273,False,1
1550,12,12.776815,36.407707,False,12
1551,11,9.600104,41.85515,False,11
1552,1,7.696766,36.242268,False,1
1553,12,13.767574,39.341507,False,12
1554,12,11.276996,41.20526,False,12
1555,12,9.79202,38.734425,False,12
1556,1,5.8794227,37.2531,False,1
1557,1,7.6324773,35.688217,False,1
1558,1,6.726936,37.55105,False,1
1559,1,7.9262285,37.961517,False,1
1560,12,10.487837,40.76553,False,12
1561,1,7.55641,35.9802,False,1
1562,1,6.359828,36.80665,False,1
1563,1,7.7406683,37.668087,False,1
1564,1,9.906003,36.646492,False,1
1565,1,8.91096,34.43806,False,1
1566,12,12.056013,39.324665,False,12
1567,1,7.1498723,35.657124,False,1
1568,1,8.999201,39.187485,False,1
1569,1,7.4478292,37.624554,False,1
1570,1,9.177261,35.82232,False,1
1571,1,9.158789,35.89897,False,1
1572,1,7.3587003,36.227978,False,1
1573,1,9.636566,37.751682,False,1
1574,11,7.1199517,40.71539,False,11
1575,11,7.1378675,40.733025,False,11
1576,11,9.029087,41.86604,False,11
1577,1,6.137483,39.19269,False,1
1578,12,10.58008,39.60093,False,12
1579,11,8.926877,40.531124,False,11
1580,1,6.856846,39.896915,False,1
1581,1,6.674793,36.17906,False,1
1582,1,7.024145,39.97253,False,1
1583,1,9.165012,36.97606,False,1
1584,1,7.2458186,35.25605,False,1
1585,11,6.0219193,43.70879,False,11
1586,11,5.950908,43.55569,False,11
1587,11,4.8547554,43.24263,False,11
1588,1,7.6192107,34.283165,False,1
1589,11,6.8382015,44.627323,False,11
1590,11,8.41384,42.83728,False,11
1591,11,8.216379,40.15586,False,11
1592,11,7.5374355,40.608097,False,11
1593,11,8.634308,41.500767,False,11
1594,1,7.879453,36.58603,False,1
1595,1,7.585511,37.620934,False,1
1596,1,5.13457,38.263794,False,1
1597,12,10.892554,38.13812,False,12
1598,12,12.575528,37.45034,False,12
1599,12,12.385233,37.590973,False,12
1600,12,11.175953,37.670025,False,12
1601,1,5.465659,39.386463,False,1
1602,1,6.8377266,38.603928,False,1
1603,1,6.5165973,35.519016,False,1
1604,11,6.947488,40.50787,False,11
1605,11,6.161078,41.323536,False,11
1606,11,9.4073715,41.338814,False,11
1607,11,9.216449,41.557175,False,11
1608,1,8.4109745,37.852917,False,1
1609,11,9.694636,41.178364,False,11
1610,12,10.827631,37.026062,False,12
1611,12,10.780426,36.503086,False,12
1612,12,11.789386,39.512337,False,12
1613,12,11.494519,35.458607,False,12
1614,2,3.760031,38.892586,False,2
1615,1,9.397122,34.757515,False,1
1616,1,9.477752,37.468052,False,1
1617,1,9.071056,38.744152,False,1
1618,12,12.180981,39.98217,False,12
1619,1,9.23358,35.346207,False,1
1620,12,14.416382,39.39437,False,12
1621,1,7.9713397,36.430626,False,1
1622,11,9.011486,40.365402,False,11
1623,1,7.99579,38.07007,False,1
1624,1,4.929416,39.547264,False,1
1625,11,8.328708,39.912895,False,11
1626,12,11.896502,38.240852,False,12
1627,11,7.6534023,44.14583,False,11
1628,1,6.926589,37.65461,False,1
1629,1,6.2942014,40.572777,False,1
1630,11,6.090592,41.013607,False,11
1631,1,6.8978715,35.173344,False,1
1632,11,9.316019,42.448177,False,11
1633,11,9.201803,42.63388,False,11
1634,1,9.27477,36.594986,False,1
1635,12,10.271284,37.634937,False,12
1636,11,8.7537565,40.51182,False,11
1637,12,11.671326,39.761818,False,12
1638,12,10.272881,40.28304,False,12
1639,1,7.1930385,37.662735,False,1
1640,1,7.235648,37.65568,False,1
1641,11,10.407751,42.16739,False,11
1642,11,9.604913,41.86928,False,11
1643,1,9.193603,39.380337,False,1
1644,12,13.640294,39.169533,False,12
1645,12,14.167207,39.11762,False,12
1646,11,9.25648,42.09263,False,11
1647,1,8.182405,35.347843,False,1
1648,1,5.9418883,38.484642,False,1
1649,11,7.635384,42.300694,False,11
1650,1,4.9562583,36.502384,False,1
1651,11,9.569166,40.465088,False,11
1652,11,6.922358,42.968525,False,11
1653,11,9.972374,42.92084,False,11
1654,1,6.4101443,39.54182,False,1
1655,11,5.310266,42.46396,False,11
1656,1,9.816516,36.254173,False,1
1657,11,9.345071,41.988285,False,11
1658,11,9.394961,42.011066,False,11
1659,11,9.3647995,43.02671,False,11
1660,1,6.1140747,38.44915,False,1
1661,11,8.9075165,43.769173,False,11
1662,1,8.980891,35.855816,False,1
1663,1,8.626763,34.9921,False,1
1664,1,7.010805,38.501156,False,1
1665,1,7.0529523,38.34477,False,1
1666,1,6.919786,38.483078,False,1
1667,11,8.128562,40.70484,False,11
1668,12,13.979149,39.3833,False,12
1669,12,13.97433,39.42994,False,12
1670,1,7.5581684,38.798077,False,1
1671,12,9.959569,38.516735,False,12
1672,11,5.7359486,44.572025,False,11
1673,12,11.310253,39.67781,False,12
1674,12,13.178014,39.49122,False,12
1675,1,8.071434,39.242817,False,1
1676,1,6.7062864,37.95209,False,1
1677,1,6.2454376,38.974106,False,1
1678,1,9.055866,38.49688,False,1
1679,1,9.0608635,35.712864,False,1
1680,1,10.313822,34.573544,False,1
1681,1,9.715559,37.142693,False,1
1682,1,9.549217,37.081448,False,1
1683,11,7.013184,43.45772,False,11
1684,1,7.542753,37.84636,False,1
1685,2,4.378115,39.731274,False,2
1686,1,7.733604,38.127842,False,1
1687,12,10.98885,37.900486,False,12
1688,1,6.4869146,38.548855,False,1
1689,1,6.689601,37.740845,False,1
1690,1,8.227413,35.78641,False,1
1691,1,10.070994,36.444565,False,1
1692,1,9.181277,37.92434,False,1
1693,1,8.970379,37.29386,False,1
1694,1,8.821946,38.335346,False,1
1695,12,10.967736,36.925545,False,12
1696,1,7.4244695,39.447414,False,1
1697,1,6.845115,36.889595,False,1
1698,1,8.345083,34.219604,False,1
1699,12,10.70179,37.27697,False,12
1700,1,7.4585905,37.690704,False,1
1701,12,10.407656,39.261066,False,12
1702,12,13.072349,38.215797,False,12
1703,11,9.555087,42.28847,False,11
1704,1,9.441815,35.31367,False,1
1705,1,9.901236,37.14692,False,1
1706,12,11.709197,36.406967,False,12
1707,1,8.358573,39.657112,False,1
1708,11,9.690354,42.18722,False,11
1709,1,9.304989,38.089596,False,1
1710,1,8.714722,37.485374,False,1
1711,12,9.399144,39.003117,False,12
1712,11,9.373536,42.801575,False,11
1713,1,8.344076,33.63132,False,1
1714,12,10.260067,40.051315,False,12
1715,1,8.718056,36.54701,False,1
1716,1,9.389495,37.143288,False,1
1717,1,9.01502,34.758053,False,1
1718,1,9.252165,37.34088,False,1
1719,1,7.6644516,36.829636,False,1
1720,11,9.296922,42.08876,False,11
1721,1,5.78255,36.56781,False,1
1722,1,7.896741,33.738686,False,1
1723,1,7.2274046,37.776314,False,1
1724,1,7.043243,36.916374,False,1
1725,12,14.079944,37.004765,False,12
1726,12,11.073963,39.835003,False,12
1727,1,9.478,35.909817,False,1
1728,1,5.336495,37.441505,False,1
1729,1,5.372007,37.440186,False,1
1730,1,6.758725,37.440277,False,1
1731,11,9.636145,41.854633,False,11
1732,1,8.322261,37.9087,False,1
1733,11,9.095884,43.181263,False,11
1734,11,9.101902,43.255573,False,11
1735,11,6.7269745,44.25791,False,11
1736,11,6.732745,44.276188,False,11
1737,1,7.2535024,37.90205,False,1
1738,11,5.3630805,44.151615,False,11
1739,12,10.54068,38.983894,False,12
1740,12,13.838852,39.527843,False,12
1741,1,6.10821,37.182854,False,1
1742,1,6.0563602,37.17285,False,1
1743,12,10.718376,39.871845,False,12
1744,1,5.2876444,37.213467,False,1
1745,1,5.7703886,38.435562,False,1
1746,11,9.384298,41.807266,False,11
1747,1,7.7775908,37.03263,False,1
1748,1,8.567654,38.51897,False,1
1749,12,9.977585,39.90687,False,12
1750,12,13.760324,39.03549,False,12
1751,1,8.019325,38.32668,False,1
1752,1,9.711631,35.278484,False,1
1753,12,9.399847,39.230484,False,12
1754,1,6.7804356,37.32917,False,1
1755,1,6.9290056,37.517433,False,1
1756,12,12.796101,38.07576,False,12
1757,1,10.05964,36.80954,False,1
1758,1,9.001317,38.759735,False,1
1759,12,12.150882,39.633583,False,12
1760,1,6.0290546,38.17425,False,1
1761,1,7.019454,38.840023,False,1
1762,11,5.2685785,43.116554,False,11
1763,1,6.7910275,38.810375,False,1
1764,12,13.641187,38.7736,False,12
1765,1,9.009605,38.687927,False,1
1766,11,9.468218,42.15326,False,11
1767,12,11.095927,39.720997,False,12
1768,1,6.8710546,36.608746,False,1
1769,11,8.693135,43.065895,False,11
1770,12,13.893336,37.552372,False,12
1771,12,12.506544,39.51631,False,12
1772,1,7.225074,38.93026,False,1
1773,12,12.441664,40.979904,False,12
1774,1,6.587693,37.249775,False,1
1775,1,6.5008163,37.40951,False,1
1776,1,7.3084126,38.087006,False,1
1777,11,8.062066,41.7092,False,11
1778,11,8.683427,40.986763,False,11
1779,12,13.994796,39.89742,False,12
1780,11,9.22968,41.872414,False,11
1781,1,10.564396,34.45687,False,1
1782,12,11.280495,39.460644,False,12
1783,12,9.74855,38.305134,False,12
1784,12,14.26712,38.154316,False,12
1785,12,14.1119175,38.73395,False,12
1786,11,7.4248857,42.037827,False,11
1787,12,12.028863,39.046432,False,12
1788,1,9.205429,35.671318,False,1
1789,1,8.8626585,35.33119,False,1
1790,1,7.8470035,38.42256,False,1
1791,1,8.35779,33.944576,False,1
1792,11,6.5996428,43.850803,False,11
1793,12,12.062906,39.047844,False,12
1794,12,12.765897,37.369457,False,12
1795,12,11.853894,38.434357,False,12
1796,12,10.856613,39.16258,False,12
1797,11,9.604855,41.877285,False,11
1798,11,7.7931037,41.331596,False,11
1799,12,10.68458,39.258427,False,12
1800,1,9.074864,38.90655,False,1
1801,11,6.6454043,45.119778,False,11
1802,1,8.90193,36.46479,False,1
1803,1,6.8734574,38.444305,False,1
1804,1,7.5425606,37.860043,False,1
1805,1,9.618089,35.348034,False,1
1806,1,8.925338,37.520947,False,1
1807,1,8.504004,38.88895,False,1
1808,1,5.281747,39.63978,False,1
1809,12,12.147562,37.78318,False,12
1810,1,9.013265,38.73209,False,1
1811,1,7.4293427,39.27153,False,1
1812,1,8.027738,36.956585,False,1
1813,1,9.714585,36.461468,False,1
1814,1,8.4003105,36.88403,False,1
1815,1,6.645801,38.167557,False,1
1816,1,6.9325705,37.28451,False,1
1817,1,8.609724,39.14613,False,1
1818,1,8.096661,39.406357,False,1
1819,12,11.020956,36.279587,False,12
1820,12,12.785109,39.542274,False,12
1821,1,5.935179,35.694485,False,1
1822,1,8.218705,33.712948,False,1
1823,1,6.9337873,38.64268,False,1
1824,1,5.763219,36.88094,False,1
1825,11,9.628908,41.79517,False,11
1826,1,9.757417,35.02729,False,1
1827,1,7.3879337,37.03866,False,1
1828,1,9.354749,34.294834,False,1
1829,1,7.042578,37.191723,False,1
1830,1,7.9946866,38.532494,False,1
1831,1,6.997419,37.088177,False,1
1832,11,7.3734083,44.649357,False,11
1833,1,7.5562954,35.34016,False,1
1834,1,7.7362885,35.471996,False,1
1835,12,13.782379,37.69572,False,12
1836,12,13.908391,36.545696,False,12
1837,12,13.573731,38.13714,False,12
1838,12,11.462076,37.1315,False,12
1839,1,5.775424,40.035572,False,1
1840,12,12.80291,39.964256,False,12
1841,12,10.312281,39.65928,False,12
1842,12,10.935686,38.64226,False,12
1843,12,10.753263,38.77508,False,12
1844,12,11.652166,38.07424,False,12
1845,12,11.242773,38.934097,False,12
1846,12,13.5024395,39.48094,False,12
1847,12,11.825383,38.73488,False,12
1848,12,12.796201,39.643204,False,12
1849,1,8.736738,35.995953,False,1
1850,1,6.478792,36.592594,False,1
1851,11,8.897366,41.327568,False,11
1852,1,5.412623,38.618465,False,1
1853,1,6.6005692,36.836243,False,1
1854,1,6.2665305,40.047245,False,1
1855,1,7.781041,36.76015,False,1
1856,12,12.115534,38.321545,False,12
1857,1,9.800651,35.102356,False,1
1858,1,10.393483,34.842445,False,1
1859,1,7.437109,35.079826,False,1
1860,1,6.8150992,35.954678,False,1
1861,1,6.4667034,35.86205,False,1
1862,12,10.362839,39.63784,False,12
1863,12,10.182152,39.367317,False,12
1864,12,10.131752,39.514973,False,12
1865,12,10.108835,39.64804,False,12
1866,12,11.415952,37.15963,False,12
1867,12,10.050366,38.976368,False,12
1868,12,11.66434,39.658653,False,12
1869,11,8.529087,39.839485,False,11
1870,11,8.987303,41.17839,False,11
1871,1,8.150568,38.358963,False,1
1872,11,9.404069,41.609882,False,11
1873,1,9.347245,38.234615,False,1
1874,1,9.57706,38.235245,False,1
1875,11,8.898154,39.9212,False,11
1876,12,12.8312235,36.411915,False,12
1877,12,12.938687,36.16736,False,12
1878,1,8.303442,35.583397,False,1
1879,1,8.35369,35.418186,False,1
1880,11,8.502011,41.88262,False,11
1881,11,8.333566,42.069763,False,11
1882,12,10.492589,37.542915,False,12
1883,1,9.200746,37.569046,False,1
1884,12,10.246408,39.008144,False,12
1885,11,8.758437,42.206085,False,11
1886,12,13.695719,36.464397,False,12
1887,1,7.7667184,37.931995,False,1
1888,11,9.274962,40.686417,False,11
1889,11,9.49619,40.85893,False,11
1890,12,11.480391,40.73104,False,12
1891,1,8.918165,39.497177,False,1
1892,1,6.317884,37.73524,False,1
1893,12,13.33474,36.528427,False,12
1894,1,7.147443,37.831852,False,1
1895,1,7.381189,37.462383,False,1
1896,1,7.675877,37.812515,False,1
1897,1,7.937962,38.42106,False,1
1898,1,7.799774,38.023777,False,1
1899,1,7.172883,38.000534,False,1
1900,1,8.1040945,38.488068,False,1
1901,1,7.6930404,38.349888,False,1
1902,2,3.84826,38.56314,False,2
1903,1,6.9695272,35.56152,False,1
1904,1,9.363045,36.200573,False,1
1905,12,9.928199,39.5297,False,12
1906,1,8.589654,39.109344,False,1
1907,12,9.942787,39.15448,False,12
1908,12,11.081259,37.877003,False,12
1909,2,3.8804781,39.23306,False,2
1910,2,3.8326006,39.479336,False,2
1911,2,4.3967686,40.217934,False,2
1912,1,8.217581,38.09413,False,1
1913,1,9.285949,38.574154,False,1
1914,1,7.5267606,38.983517,False,1
1915,11,5.203607,44.65267,False,11
1916,12,13.916185,38.79309,False,12
1917,12,11.732899,38.46949,False,12
1918,1,8.953146,38.730534,False,1
1919,1,5.3380127,39.583782,False,1
1920,1,9.502251,35.505672,False,1
1921,1,9.540141,35.517467,False,1
1922,1,9.069855,36.53001,False,1
1923,1,6.58282,39.20576,False,1
1924,12,12.751215,39.34606,False,12
1925,1,8.804742,35.7851,False,1
1926,1,8.667848,37.088894,False,1
1927,1,8.522127,37.43883,False,1
1928,1,6.1754103,36.649944,False,1
1929,1,8.713419,36.71838,False,1
1930,1,5.24438,35.98263,False,1
1931,1,5.760295,38.817753,False,1
1932,1,6.7071743,37.545044,False,1
1933,12,12.561246,39.43443,False,12
1934,1,7.4523444,37.269268,False,1
1935,1,7.636794,37.201622,False,1
1936,1,6.194137,36.815655,False,1
1937,12,11.297685,36.40925,False,12
1938,11,9.639115,41.86775,False,11
1939,2,3.7513325,39.62796,False,2
1940,12,12.210507,35.861996,False,12
1941,12,10.97515,37.441963,False,12
1942,11,7.6856985,41.968185,False,11
1943,12,14.3762455,38.765003,False,12
1944,1,6.1861634,38.33803,False,1
1945,11,6.5340877,41.910854,False,11
1946,12,12.392186,39.49607,False,12
1947,12,12.767689,39.73543,False,12
1948,12,12.106252,39.641685,False,12
1949,11,6.790576,41.4573,False,11
1950,1,7.69106,39.800983,False,1
1951,1,7.1254725,40.02474,False,1
1952,1,5.3945155,39.059246,False,1
1953,11,9.6269,41.834892,False,11
1954,12,14.266332,39.628033,False,12
1955,11,7.6106358,42.90281,False,11
1956,12,13.381693,39.164997,False,12
1957,12,12.935972,38.49771,False,12
1958,11,7.1203823,42.223965,False,11
1959,1,5.9512196,36.16515,False,1
1960,1,7.888761,35.188423,False,1
1961,12,11.7560005,40.97498,False,12
1962,12,13.125572,39.181217,False,12
1963,12,9.8739,40.144814,False,12
1964,1,7.5470014,38.168697,False,1
1965,1,9.22821,36.381752,False,1
1966,1,6.2941456,36.890877,False,1
1967,12,11.069037,38.775173,False,12
1968,1,7.8665686,35.801403,False,1
1969,1,8.466296,34.82679,False,1
1970,1,8.838757,35.581543,False,1
1971,1,8.79564,38.599083,False,1
1972,1,8.913019,38.643963,False,1
1973,12,11.0604925,38.1941,False,12
1974,1,10.557012,35.20204,False,1
1975,12,11.396528,38.469376,False,12
1976,1,8.426409,38.290672,False,1
1977,1,8.795608,35.08776,False,1
1978,1,5.495851,37.559067,False,1
1979,1,7.567556,36.65142,False,1
1980,12,10.99975,37.208755,False,12
1981,1,8.011367,37.46286,False,1
1982,12,12.618412,39.036285,False,12
1983,12,12.636642,39.01654,False,12
1984,1,6.4737916,37.457783,False,1
1985,12,14.1600685,38.45098,False,12
1986,12,13.001952,39.332275,False,12
1987,12,11.2960825,38.302612,False,12
1988,12,11.706187,36.955105,False,12
1989,1,7.033444,35.641174,False,1
1990,12,10.54584,37.768936,False,12
1991,1,9.153859,39.020462,False,1
1992,11,7.7238626,40.346363,False,11
1993,1,8.064109,36.215122,False,1
1994,12,14.245739,36.59642,False,12
1995,11,7.2569313,41.483612,False,11
1996,12,14.497038,38.2261,False,12
1997,11,9.133173,42.816128,False,11
1998,1,6.6641335,38.640064,False,1
1999,1,5.772252,38.91075,False,1
2000,1,7.3380933,38.39792,False,1
2001,1,9.568029,37.10341,False,1
2002,11,8.396528,40.25953,False,11
2003,1,7.201816,38.601418,False,1
2004,1,7.2104483,38.59679,False,1
2005,1,7.50048,38.034424,False,1
2006,1,6.902782,35.751476,False,1
2007,11,7.363827,44.05395,False,11
2008,1,6.86033,38.451885,False,1
2009,12,10.346464,38.372337,False,12
2010,1,7.5180445,36.462254,False,1
2011,1,7.073737,35.467457,False,1
2012,11,9.344331,42.148624,False,11
2013,12,14.407949,37.784275,False,12
2014,1,10.682135,34.828453,False,1
2015,11,5.9518776,45.23796,False,11
2016,11,9.934521,41.88214,False,11
2017,1,7.2042994,37.77659,False,1
2018,12,14.103155,38.286133,False,12
2019,1,7.5709877,39.57745,False,1
2020,1,7.3394475,35.934296,False,1
2021,12,10.006862,39.90596,False,12
2022,1,7.1394134,37.954872,False,1
2023,1,9.15543,36.810726,False,1
2024,1,7.9048133,36.023975,False,1
2025,1,7.9754357,38.316494,False,1
2026,1,7.1285505,40.134514,False,1
2027,1,7.113612,38.038666,False,1
2028,1,7.1286917,38.189632,False,1
2029,1,8.297879,39.5023,False,1
2030,12,9.784591,39.211403,False,12
2031,1,6.957451,35.770004,False,1
2032,1,8.478808,38.650856,False,1
2033,1,8.314741,38.581047,False,1
2034,1,6.856508,37.758644,False,1
2035,1,6.835986,37.73949,False,1
2036,11,9.243655,42.19138,False,11
2037,1,7.463778,37.589264,False,1
2038,1,5.901098,36.48769,False,1
2039,1,8.011312,39.810356,False,1
2040,1,9.320997,38.743248,False,1
2041,1,9.179297,38.75733,False,1
2042,1,5.8838453,35.28259,False,1
2043,1,5.5553575,38.05361,False,1
2044,12,13.038075,37.084274,False,12
2045,12,11.563941,38.561665,False,12
2046,12,14.498479,37.688663,False,12
2047,12,14.172422,38.324257,False,12
2048,12,14.065876,38.572414,False,12
2049,12,12.235436,36.77145,False,12
2050,12,13.535911,39.00995,False,12
2051,12,9.865197,39.819542,False,12
2052,1,6.702605,37.77162,False,1
2053,12,10.975438,40.315403,False,12
2054,12,13.439098,38.449444,False,12
2055,1,4.703268,37.176582,False,1
2056,1,7.2726865,37.489605,False,1
2057,1,7.791012,39.504593,False,1
2058,12,11.224608,39.22603,False,12
2059,1,7.1955957,35.420624,False,1
2060,1,7.150557,37.169266,False,1
2061,1,7.1311717,37.155964,False,1
2062,12,12.572221,40.451183,False,12
2063,1,6.569946,38.53911,False,1
2064,12,11.325056,39.69387,False,12
2065,1,8.792852,37.64445,False,1
2066,1,7.9601555,37.253704,False,1
2067,1,7.8904295,39.126892,False,1
2068,1,7.147598,36.99252,False,1
2069,1,8.95097,37.71695,False,1
2070,1,8.620898,38.392044,False,1
2071,1,7.8887396,38.420643,False,1
2072,12,14.067059,39.646233,False,12
2073,12,12.769887,39.17292,False,12
2074,12,13.295643,37.051514,False,12
2075,12,13.47267,37.222794,False,12
2076,12,13.628287,38.040142,False,12
2077,12,13.872187,38.144527,False,12
2078,11,9.467334,42.767025,False,11
2079,1,7.09847,36.45679,False,1
2080,11,9.177194,41.122818,False,11
2081,1,6.0628586,36.87081,False,1
2082,1,10.215258,34.9174,False,1
2083,1,6.058415,38.62249,False,1
2084,1,7.1536727,35.81737,False,1
2085,1,4.495386,39.12176,False,1
2086,1,5.8456187,39.287113,False,1
2087,12,11.661305,39.013634,False,12
2088,11,9.52037,41.861305,False,11
2089,11,9.55653,43.3243,False,11
2090,12,13.046704,39.713104,False,12
2091,1,8.548106,38.039593,False,1
2092,1,8.797007,36.892094,False,1
2093,11,7.4438434,42.202034,False,11
2094,1,8.313448,33.32759,False,1
2095,12,9.954232,38.21807,False,12
2096,11,6.7223334,45.591145,False,11
2097,1,9.026304,36.68437,False,1
2098,12,10.534048,38.68017,False,12
2099,12,12.7816925,37.67562,False,12
2100,12,13.773804,37.4587,False,12
2101,1,8.286036,37.779762,False,1
2102,1,9.06072,38.519608,False,1
2103,12,10.488967,36.79942,False,12
2104,1,6.2886705,38.258114,False,1
2105,1,10.605716,35.55206,False,1
2106,1,8.671638,37.888054,False,1
2107,1,7.5210886,38.308178,False,1
2108,1,7.3292556,38.0926,False,1
2109,12,10.696145,39.454308,False,12
2110,12,10.592905,39.43666,False,12
2111,12,12.494307,37.847347,False,12
2112,12,12.396251,37.201115,False,12
2113,12,11.372809,37.91377,False,12
2114,11,6.2402463,42.285973,False,11
2115,12,11.823346,39.594162,False,12
2116,1,8.541755,37.976665,False,1
2117,1,7.0357056,38.60294,False,1
2118,1,7.0461974,38.61334,False,1
2119,1,7.11665,38.61277,False,1
2120,1,6.7467327,38.523567,False,1
2121,1,7.8550973,38.198727,False,1
2122,12,11.447226,39.894115,False,12
2123,12,11.923283,37.698666,False,12
2124,1,6.06002,36.62151,False,1
2125,12,9.581703,38.914997,False,12
2126,12,13.781024,39.59098,False,12
2127,1,4.8299317,38.197933,False,1
2128,1,4.892051,38.10596,False,1
2129,11,7.8538413,42.57324,False,11
2130,12,12.424243,39.94162,False,12
2131,1,8.807094,34.858616,False,1
2132,12,9.593006,38.6218,False,12
2133,1,8.250676,35.943924,False,1
2134,1,9.049781,38.82823,False,1
2135,1,7.2492013,35.473724,False,1
2136,1,7.8125443,37.48842,False,1
2137,12,11.262336,37.492035,False,12
2138,1,6.1628404,38.192974,False,1
2139,1,6.158913,38.203506,False,1
2140,1,6.744653,38.397373,False,1
2141,11,8.424495,43.809864,False,11
2142,1,8.973537,35.45759,False,1
2143,1,7.1030903,37.376854,False,1
2144,12,14.52459,39.386887,False,12
2145,1,6.291004,37.083508,False,1
2146,12,13.869437,38.4381,False,12
2147,12,12.526636,39.289055,False,12
2148,1,10.004543,36.137676,False,1
2149,12,12.807136,38.70617,False,12
2150,12,10.712034,36.49245,False,12
2151,1,8.009156,38.975185,False,1
2152,6,15.196217,-90.8641,True,6
2153,6,15.155376,-90.67128,True,6
2154,6,14.953571,-90.4873,True,6
2155,6,14.936253,-90.57543,True,6
2156,6,14.986361,-90.82109,True,6
2157,6,14.918897,-90.65446,True,6
2158,6,15.113299,-90.50708,True,6
2159,6,15.264117,-91.1129,True,6
2160,6,15.069051,-90.28755,True,6
2161,6,15.242957,-90.941666,True,6
2162,6,15.184521,-91.03363,True,6
2163,6,15.065525,-90.19425,True,6
2164,6,15.160742,-90.41305,True,6
2165,6,15.160777,-91.16617,True,6
2166,6,15.093311,-90.88516,True,6
2167,6,15.470925,-89.30602,True,6
2168,6,15.762386,-88.94814,True,6
2169,6,15.412938,-89.091736,True,6
2170,6,15.502841,-88.97073,True,6
2171,6,15.778655,-88.526886,True,6
2172,6,16.55676,-89.451,True,6
2173,6,17.030602,-90.65137,True,6
2174,6,16.93068,-90.07317,True,6
2175,6,16.633806,-89.944336,True,6
2176,6,16.818996,-89.577576,True,6
2177,6,15.932116,-91.221214,True,6
2178,6,15.605434,-89.771515,True,6
2179,6,15.732911,-89.57629,True,6
2180,6,15.41357,-90.6765,True,6
2181,6,15.710789,-90.540276,True,6
2182,6,15.566986,-89.990135,True,6
2183,6,15.285589,-89.726036,True,6
2184,6,15.219027,-90.09253,True,6
2185,6,15.397261,-90.565155,True,6
2186,6,15.38982,-90.236565,True,6
2187,6,15.578923,-90.152054,True,6
2188,6,15.339478,-90.41402,True,6
2189,6,15.419954,-89.83906,True,6
2190,6,15.298081,-90.3376,True,6
2191,6,15.303166,-90.24169,True,6
2192,6,15.3028555,-90.081825,True,6
2193,6,15.504053,-90.81924,True,6
2194,6,14.547827,-90.95631,True,6
2195,6,14.459525,-90.81967,True,6
2196,6,14.305555,-90.41468,True,6
2197,6,14.388701,-90.168434,True,6
2198,6,14.523087,-91.34904,True,6
2199,6,14.506386,-90.77352,True,6
2200,6,14.707704,-91.75425,True,6
2201,6,15.655158,-91.647865,True,6
2202,6,14.249108,-90.284676,True,6
2203,6,14.698681,-91.608154,True,6
2204,6,14.771713,-91.822044,True,6
2205,6,14.887963,-91.99849,True,6
2206,6,14.847661,-91.94727,True,6
2207,6,14.469341,-90.441795,True,6
2208,6,15.753816,-91.733604,True,6
2209,6,15.622052,-91.874245,True,6
2210,6,15.56412,-91.91087,True,6
2211,6,14.810444,-91.83754,True,6
2212,6,14.555051,-90.20381,True,6
2213,6,13.932887,-90.11955,True,6
2214,6,14.371747,-90.27238,True,6
2215,6,14.793405,-91.907524,True,6
2216,6,14.62611,-91.691826,True,6
2217,6,14.121048,-90.15773,True,6
2218,6,14.5338955,-91.074905,True,6
2219,6,14.661146,-91.527885,True,6
2220,6,14.217255,-90.49766,True,6
2221,6,14.572567,-91.46984,True,6
2222,6,15.661581,-91.77322,True,6
2223,6,14.530275,-91.45423,True,6
2224,6,14.478508,-90.076584,True,6
2225,6,14.630987,-91.60262,True,6
2226,6,14.617092,-91.51952,True,6
2227,6,14.272054,-90.14561,True,6
2228,6,14.856869,-90.90831,True,6
2229,6,14.0719795,-90.268906,True,6
2230,6,14.5956135,-91.14661,True,6
2231,6,14.84047,-90.78165,True,6
2232,6,14.61372,-91.593895,True,6
2233,6,14.527784,-90.83239,True,6
2234,6,14.506134,-91.35958,True,6
2235,6,14.591833,-91.43125,True,6
2236,6,14.977298,-91.96053,True,6
2237,6,14.645031,-91.277504,True,6
2238,6,15.549584,-91.75055,True,6
2239,6,14.452797,-90.16454,True,6
2240,6,14.928141,-91.91173,True,6
2241,6,14.38147,-90.37614,True,6
2242,6,14.1446905,-90.25794,True,6
2243,6,14.442906,-90.33716,True,6
2244,6,14.603408,-91.22796,True,6
2245,6,15.532001,-91.68882,True,6
2246,6,14.623626,-91.4121,True,6
2247,6,14.332529,-90.64535,True,6
2248,6,14.463834,-90.985344,True,6
2249,6,14.631175,-91.49865,True,6
2250,6,14.457368,-89.59922,True,6
2251,6,14.298793,-89.66895,True,6
2252,6,14.17399,-89.72601,True,6
2253,6,14.885095,-89.77665,True,6
2254,6,14.854762,-89.28199,True,6
2255,6,14.800855,-89.57974,True,6
2256,6,14.115209,-89.91145,True,6
2257,6,14.484567,-89.44835,True,6
2258,6,14.0096855,-90.01648,True,6
2259,6,14.175034,-89.85307,True,6
2260,6,14.888432,-89.91601,True,6
2261,6,14.378806,-89.8502,True,6
2262,6,14.61927,-89.26666,True,6
2263,6,14.91702,-89.69583,True,6
2264,6,14.587532,-89.60828,True,6
2265,6,14.630332,-90.031235,True,6
2266,6,14.114268,-90.009674,True,6
2267,6,14.077739,-89.75989,True,6
2268,6,14.812055,-89.37785,True,6
2269,6,14.311625,-89.93104,True,6
2270,6,14.955056,-89.27878,True,6
2271,6,14.511514,-89.898415,True,6
2272,6,14.700069,-89.316414,True,6
2273,6,14.28565,-90.0595,True,6
2274,6,14.617807,-89.45873,True,6
2275,6,14.798013,-89.76007,True,6
2276,6,14.678163,-89.51301,True,6
2277,6,14.716192,-89.60839,True,6
2278,6,14.734684,-89.426865,True,6
2279,6,14.653539,-89.715096,True,6
2280,6,14.526431,-89.76118,True,6
2281,6,14.703461,-89.85438,True,6
2282,6,14.754024,-90.099014,True,6
2283,6,14.441211,-89.77064,True,6
2284,6,14.176712,-89.78632,True,6
2285,6,14.963525,-89.486725,True,6
2286,6,14.115428,-89.82155,True,6
2287,6,14.453476,-90.61204,True,6
2288,6,14.545495,-90.72541,True,6
2289,6,14.68622,-90.82245,True,6
2290,6,14.727334,-90.49762,True,6
2291,6,14.853175,-90.47246,True,6
2292,6,14.675657,-90.78876,True,6
2293,6,14.635429,-90.479416,True,6
2294,6,14.608124,-90.86487,True,6
2295,6,14.588652,-90.7339,True,6
2296,6,14.543277,-90.67748,True,6
2297,6,14.640755,-90.58728,True,6
2298,6,14.665612,-90.3195,True,6
2299,6,14.395661,-90.70385,True,6
2300,6,14.590245,-90.82254,True,6
2301,6,14.59818,-90.7715,True,6
2302,6,14.507163,-90.55555,True,6
2303,6,14.553497,-90.782265,True,6
2304,6,14.601758,-90.68577,True,6
2305,6,14.554315,-90.34636,True,6
2306,6,14.769531,-90.650185,True,6
2307,6,14.598055,-90.64853,True,6
2308,6,14.7723465,-90.44208,True,6
2309,6,14.679516,-90.621605,True,6
2310,6,14.781824,-90.55975,True,6
2311,6,14.555368,-90.8062,True,6
2312,6,14.564395,-90.46507,True,6
2313,6,14.568428,-90.67553,True,6
2314,6,14.641072,-90.68144,True,6
2315,6,14.67925,-90.701294,True,6
2316,6,14.657896,-90.74548,True,6
2317,6,14.390688,-90.53231,True,6
2318,6,14.540759,-90.606384,True,6
2319,6,14.6825075,-90.87553,True,6
2320,6,14.982748,-89.61055,True,6
2321,6,15.146681,-89.302315,True,6
2322,6,14.851339,-90.063614,True,6
2323,6,14.966033,-90.16185,True,6
2324,6,15.098471,-89.60027,True,6
2325,6,15.019345,-89.986084,True,6
2326,6,14.747302,-90.2749,True,6
2327,6,14.814358,-90.238075,True,6
2328,6,15.003965,-89.872826,True,6
2329,6,14.793196,-90.37247,True,6
2330,6,15.07915,-89.78231,True,6
2331,6,14.994714,-89.8004,True,6
2332,6,17.372742,-89.531334,True,6
2333,6,17.320984,-89.24124,True,6
2334,6,17.487139,-90.40517,True,6
2335,6,17.407482,-89.80968,True,6
2336,6,14.327418,-91.926056,True,6
2337,6,13.856478,-90.33924,True,6
2338,6,14.175907,-91.71317,True,6
2339,6,13.94696,-90.70327,True,6
2340,6,13.946727,-91.146126,True,6
2341,6,13.777504,-90.157455,True,6
2342,6,13.997996,-91.368385,True,6
2343,6,14.521126,-92.18212,True,6
2344,6,13.8086815,-90.22486,True,6
2345,6,14.369859,-91.97545,True,6
2346,6,13.939207,-90.870575,True,6
2347,6,14.110221,-91.60947,True,6
2348,6,14.071616,-91.54879,True,6
2349,6,13.927468,-90.55574,True,6
2350,6,14.046273,-91.48242,True,6
2351,6,14.728377,-92.13013,True,6
2352,6,14.846851,-92.070045,True,6
2353,6,14.362019,-91.857544,True,6
2354,6,14.000836,-90.333755,True,6
2355,6,14.6413,-91.979126,True,6
2356,6,14.314076,-91.61922,True,6
2357,6,14.569743,-91.74987,True,6
2358,6,14.299787,-90.793205,True,6
2359,6,14.633276,-91.86342,True,6
2360,6,14.566477,-91.84521,True,6
2361,6,14.149557,-90.664505,True,6
2362,6,14.023596,-90.4301,True,6
2363,6,13.99653,-90.68998,True,6
2364,6,14.132873,-90.94992,True,6
2365,6,14.063891,-91.1171,True,6
2366,6,14.918961,-92.10538,True,6
2367,6,14.087568,-90.8095,True,6
2368,6,14.511235,-91.51919,True,6
2369,6,14.140066,-91.291084,True,6
2370,6,14.565129,-92.12567,True,6
2371,6,14.735652,-92.0556,True,6
2372,6,13.947813,-90.22609,True,6
2373,6,14.38083,-91.17657,True,6
2374,6,14.4527645,-91.85368,True,6
2375,6,14.3785925,-91.33313,True,6
2376,6,14.427466,-91.61901,True,6
2377,6,14.517325,-91.40899,True,6
2378,6,14.507698,-91.514404,True,6
2379,6,14.382254,-91.4373,True,6
2380,6,13.987066,-90.90195,True,6
2381,6,14.431191,-91.2006,True,6
2382,6,14.245496,-91.54366,True,6
2383,6,14.566628,-91.64949,True,6
2384,6,14.474428,-91.24672,True,6
2385,6,14.463973,-91.65456,True,6
2386,6,14.287238,-91.07088,True,6
2387,6,14.475858,-90.69894,True,6
2388,6,14.3134775,-91.48895,True,6
2389,6,14.350083,-90.939926,True,6
2390,6,14.056474,-90.54537,True,6
2391,6,14.205397,-91.39288,True,6
2392,6,15.89211,-90.22131,True,6
2393,6,16.300074,-89.98654,True,6
2394,6,15.445292,-89.43971,True,6
2395,6,15.86743,-89.73705,True,6
2396,6,16.731071,-90.60489,True,6
2397,6,15.739432,-89.13342,True,6
2398,6,15.246761,-89.05596,True,6
2399,6,15.443033,-88.76299,True,6
2400,6,15.925741,-90.8703,True,6
2401,6,16.33355,-89.54459,True,6
2402,6,15.656768,-88.467735,True,6
2403,6,16.09937,-89.603645,True,6
2404,6,16.306366,-90.24794,True,6
2405,6,15.3658085,-91.2734,True,6
2406,6,14.811737,-91.48449,True,6
2407,6,15.103974,-91.64919,True,6
2408,6,14.935076,-91.61296,True,6
2409,6,14.816648,-91.43968,True,6
2410,6,15.589324,-90.99276,True,6
2411,6,15.503557,-91.40811,True,6
2412,6,15.011274,-91.04489,True,6
2413,6,14.897133,-91.092094,True,6
2414,6,15.072703,-91.02207,True,6
2415,6,15.445163,-91.71127,True,6
2416,6,14.749104,-90.89867,True,6
2417,6,15.111053,-91.74644,True,6
2418,6,14.84485,-91.61966,True,6
2419,6,14.782281,-91.13513,True,6
2420,6,15.290435,-91.86905,True,6
2421,6,15.464285,-91.9616,True,6
2422,6,15.366076,-91.018196,True,6
2423,6,14.925887,-91.84588,True,6
2424,6,15.314968,-91.38763,True,6
2425,6,15.046155,-91.62766,True,6
2426,6,15.143835,-91.91547,True,6
2427,6,14.878366,-91.57717,True,6
2428,6,15.244415,-91.48353,True,6
2429,6,15.088827,-91.41721,True,6
2430,6,14.761088,-91.388695,True,6
2431,6,15.562387,-91.17328,True,6
2432,6,15.949047,-91.67492,True,6
2433,6,14.893642,-91.53598,True,6
2434,6,14.933202,-91.67593,True,6
2435,6,14.748025,-91.14671,True,6
2436,6,14.636832,-90.9414,True,6
2437,6,14.971608,-91.19679,True,6
2438,6,14.647059,-91.03438,True,6
2439,6,14.816375,-91.533356,True,6
2440,6,15.041395,-91.68498,True,6
2441,6,14.877668,-91.46245,True,6
2442,6,14.745303,-91.101265,True,6
2443,6,14.910648,-91.49743,True,6
2444,6,15.049368,-91.21444,True,6
2445,6,14.664899,-91.10799,True,6
2446,6,14.962563,-91.70957,True,6
2447,6,15.117052,-91.46087,True,6
2448,6,15.077572,-91.56895,True,6
2449,6,14.888559,-91.76888,True,6
2450,6,14.925763,-91.47248,True,6
2451,6,14.969764,-91.477394,True,6
2452,6,14.925765,-91.54636,True,6
2453,6,15.377937,-91.71655,True,6
2454,6,15.414953,-91.80492,True,6
2455,6,14.771192,-91.228386,True,6
2456,6,15.232023,-91.96027,True,6
2457,6,15.472587,-91.626274,True,6
2458,6,15.425481,-91.02206,True,6
2459,6,15.650007,-91.38547,True,6
2460,6,14.66781,-91.31451,True,6
2461,6,14.872398,-91.68979,True,6
2462,6,15.026782,-91.74409,True,6
2463,6,14.735133,-91.259636,True,6
2464,6,15.001671,-91.83484,True,6
2465,6,14.795216,-91.66439,True,6
2466,6,15.934475,-91.43897,True,6
2467,6,14.844545,-91.58551,True,6
2468,6,15.743215,-91.6242,True,6
2469,6,15.262933,-91.73454,True,6
2470,6,14.903185,-91.602455,True,6
2471,6,14.729327,-91.28052,True,6
2472,6,14.966512,-91.76046,True,6
2473,6,15.729726,-91.522285,True,6
2474,6,15.407167,-91.67256,True,6
2475,6,15.813258,-91.584785,True,6
2476,6,15.429193,-91.55835,True,6
2477,6,15.742691,-91.84788,True,6
2478,6,14.820548,-90.9582,True,6
2479,6,15.341349,-91.62542,True,6
2480,6,14.720527,-91.38143,True,6
2481,6,14.718733,-91.13075,True,6
2482,6,14.723363,-91.30578,True,6
2483,6,14.695538,-90.93357,True,6
2484,6,15.04167,-91.12378,True,6
2485,6,14.743094,-91.22362,True,6
2486,6,15.750744,-91.325386,True,6
2487,6,15.15124,-91.27853,True,6
2488,6,14.779448,-91.274925,True,6
2489,6,15.013504,-91.31722,True,6
2490,6,14.701311,-91.33221,True,6
2491,6,15.565992,-91.68658,True,6
2492,6,14.98929,-91.64129,True,6
2493,6,15.1365185,-92.056656,True,6
2494,6,15.192955,-91.657585,True,6
2495,6,14.822981,-91.18097,True,6
2496,6,15.700732,-91.431725,True,6
2497,6,15.263387,-92.10158,True,6
2498,6,15.062419,-91.97043,True,6
2499,6,14.803376,-91.00609,True,6
2500,6,15.363856,-92.039085,True,6
2501,6,15.158538,-91.8305,True,6
2502,6,15.574037,-91.57621,True,6
2503,6,14.8979645,-91.321075,True,6
2504,6,14.745039,-91.496124,True,6
2505,6,19.464533,-72.121376,True,6
2506,6,18.86232,-71.809746,True,6
2507,6,18.952408,-72.15218,True,6
2508,6,19.260376,-71.93963,True,6
2509,6,19.185377,-71.74212,True,6
2510,6,18.698051,-71.887764,True,6
2511,6,19.520298,-72.2713,True,6
2512,6,19.490547,-72.48351,True,6
2513,6,19.492119,-72.567055,True,6
2514,6,19.551271,-72.16319,True,6
2515,6,19.706268,-72.665855,True,6
2516,6,19.144426,-72.01905,True,6
2517,6,18.866781,-71.9507,True,6
2518,6,19.3508,-72.02195,True,6
2519,6,19.188509,-72.179,True,6
2520,6,19.525587,-72.37566,True,6
2521,6,18.785143,-72.08197,True,6
2522,6,19.332296,-71.89171,True,6
2523,6,19.324102,-72.10705,True,6
2524,6,19.39946,-72.057594,True,6
2525,6,19.511349,-72.05892,True,6
2526,6,19.342007,-72.338776,True,6
2527,6,19.40299,-72.19293,True,6
2528,6,18.830925,-72.23704,True,6
2529,6,18.746374,-71.841415,True,6
2530,6,19.07453,-71.82523,True,6
2531,6,18.99953,-71.992455,True,6
2532,6,18.815792,-72.95287,True,6
2533,6,18.118616,-71.78824,True,6
2534,6,18.466967,-73.334404,True,6
2535,6,19.643295,-72.95923,True,6
2536,6,18.276375,-73.22311,True,6
2537,6,18.459236,-73.38607,True,6
2538,6,19.693132,-73.200195,True,6
2539,6,18.202114,-72.77901,True,6
2540,6,19.775301,-72.868034,True,6
2541,6,19.691519,-73.34754,True,6
2542,6,18.261574,-72.40289,True,6
2543,6,18.222765,-72.95431,True,6
2544,6,19.521858,-72.70837,True,6
2545,6,19.695213,-72.75897,True,6
2546,6,18.264414,-72.55586,True,6
2547,6,19.83036,-73.12769,True,6
2548,6,18.909414,-72.334785,True,6
2549,6,18.357414,-73.46028,True,6
2550,6,18.273035,-72.69862,True,6
2551,6,18.268124,-72.283424,True,6
2552,6,18.357172,-73.05308,True,6
2553,6,19.77816,-73.34676,True,6
2554,6,18.455671,-73.2004,True,6
2555,6,18.48637,-73.50383,True,6
2556,6,18.8751,-73.15861,True,6
2557,6,19.82355,-72.96405,True,6
2558,6,19.09832,-72.681915,True,6
2559,6,19.610813,-72.79969,True,6
2560,6,18.190462,-71.86957,True,6
2561,6,19.025663,-72.490715,True,6
2562,6,19.644278,-72.33348,True,6
2563,6,19.862173,-72.62527,True,6
2564,6,19.760036,-72.395355,True,6
2565,6,19.815298,-72.767334,True,6
2566,6,19.802265,-72.57188,True,6
2567,6,19.75553,-72.228455,True,6
2568,6,19.441273,-71.71016,True,6
2569,6,19.684826,-72.00076,True,6
2570,6,19.351252,-71.81935,True,6
2571,6,19.858027,-72.81159,True,6
2572,6,19.641008,-71.769554,True,6
2573,6,19.572693,-71.85428,True,6
2574,6,20.046324,-72.79014,True,6
2575,6,19.65796,-72.40935,True,6
2576,6,19.669716,-72.10923,True,6
2577,6,19.653505,-72.21796,True,6
2578,6,19.386957,-71.78422,True,6
2579,6,19.503887,-71.77315,True,6
2580,6,19.517893,-71.934685,True,6
2581,6,19.692854,-72.552956,True,6
2582,6,19.680628,-72.26881,True,6
2583,6,19.594606,-72.47892,True,6
2584,6,19.90461,-72.839424,True,6
2585,6,19.75397,-72.46387,True,6
2586,6,19.685156,-72.16893,True,6
2587,6,19.601652,-72.098305,True,6
2588,6,19.880648,-72.71023,True,6
2589,6,19.63749,-71.92613,True,6
2590,6,19.586319,-72.016235,True,6
2591,6,19.443623,-71.9545,True,6
2592,6,19.31128,-72.68929,True,6
2593,6,19.218468,-72.45992,True,6
2594,6,19.258492,-72.7014,True,6
2595,6,19.356073,-72.62184,True,6
2596,6,19.070498,-72.35711,True,6
2597,6,18.23794,-71.775505,True,6
2598,6,18.4593,-74.35428,True,6
2599,6,18.344305,-73.157104,True,6
2600,6,18.423365,-73.38634,True,6
2601,6,18.258806,-72.83329,True,6
2602,6,18.475428,-73.690834,True,6
2603,6,18.445879,-73.98193,True,6
2604,6,18.278023,-72.08659,True,6
2605,6,18.34762,-73.8613,True,6
2606,6,18.464308,-72.4123,True,6
2607,6,18.342411,-73.63264,True,6
2608,6,18.307634,-72.40266,True,6
2609,6,18.517303,-74.33116,True,6
2610,6,18.299847,-73.97628,True,6
2611,6,18.356777,-74.07384,True,6
2612,6,18.595478,-72.32579,True,6
2613,6,18.516369,-73.93278,True,6
2614,6,18.670385,-71.953224,True,6
2615,6,18.27059,-72.92284,True,6
2616,6,18.611223,-72.226776,True,6
2617,6,18.38155,-73.25053,True,6
2618,6,18.498283,-72.01036,True,6
2619,6,18.365921,-72.76201,True,6
2620,6,18.262253,-71.90239,True,6
2621,6,18.507866,-72.50957,True,6
2622,6,18.35084,-72.45782,True,6
2623,6,18.472977,-74.14906,True,6
2624,6,18.39771,-73.41003,True,6
2625,6,18.31214,-72.730896,True,6
2626,6,18.438631,-72.5879,True,6
2627,6,18.26278,-73.76487,True,6
2628,6,18.372654,-73.7516,True,6
2629,6,18.31357,-72.3139,True,6
2630,6,18.377523,-73.12489,True,6
2631,6,18.464262,-74.26599,True,6
2632,6,18.414051,-73.16992,True,6
2633,6,18.483292,-73.83109,True,6
2634,6,18.502928,-72.25183,True,6
2635,6,18.375671,-72.92824,True,6
2636,6,18.415585,-73.47432,True,6
2637,6,18.429993,-73.56585,True,6
2638,6,18.303255,-74.06573,True,6
2639,6,18.457188,-74.06741,True,6
2640,6,18.282347,-73.53117,True,6
2641,6,18.57334,-72.266075,True,6
2642,6,18.251818,-71.829704,True,6
2643,6,18.661621,-72.12473,True,6
2644,6,18.245531,-73.88324,True,6
2645,6,18.614891,-74.315384,True,6
2646,6,18.46085,-74.42923,True,6
2647,6,18.14154,-73.89272,True,6
2648,6,18.630575,-74.23748,True,6
2649,6,18.208376,-73.926544,True,6
2650,6,18.312958,-74.12616,True,6
2651,6,18.548111,-73.89895,True,6
2652,6,18.239883,-74.026054,True,6
2653,6,18.557467,-74.39536,True,6
2654,6,18.568127,-73.64288,True,6
2655,6,18.076529,-73.63563,True,6
2656,6,18.581135,-74.17075,True,6
2657,6,18.351677,-74.17625,True,6
2658,6,18.39751,-74.38159,True,6
2659,6,18.570847,-74.26068,True,6
2660,6,18.523779,-73.805954,True,6
2661,6,18.267323,-74.06738,True,6
2662,6,18.116285,-73.90606,True,6
2663,6,18.190683,-73.973816,True,6
2664,6,18.561098,-74.01953,True,6
2665,6,18.059378,-73.83898,True,6
2666,6,18.337858,-74.31918,True,6
2667,6,19.732214,-72.191505,True,6
2668,6,18.513277,-72.37535,True,6
2669,6,18.554306,-72.297646,True,6
2670,6,19.439499,-72.6423,True,6
2671,6,18.48171,-72.32397,True,6
2672,6,18.525612,-72.336815,True,6
2673,6,18.883963,-72.52875,True,6
2674,6,18.775108,-72.394035,True,6
2675,6,18.366728,-72.08019,True,6
2676,6,18.351547,-71.83854,True,6
2677,6,18.403082,-72.28966,True,6
2678,6,18.457767,-72.197556,True,6
2679,2,0.08478582,37.398514,False,2
2680,2,-0.03558695,37.617645,False,2
2681,2,-0.3240468,37.59673,False,2
2682,2,-1.281305,36.779987,False,2
2683,2,-1.285204,36.71577,False,2
2684,2,-1.2709776,36.92174,False,2
2685,2,-1.3086838,36.937424,False,2
2686,2,-1.2496893,36.898148,False,2
2687,2,-1.3315532,36.87815,False,2
2688,2,-1.2714138,36.898403,False,2
2689,2,-0.94302666,37.070072,False,2
2690,2,-0.9089511,36.829525,False,2
2691,2,-0.9723109,36.823856,False,2
2692,2,-0.4009016,37.34856,False,2
2693,2,-1.0701413,36.79489,False,2
2694,2,-1.1010902,37.0095,False,2
2695,2,-1.217481,36.69937,False,2
2696,2,-1.2779623,36.859467,False,2
2697,2,-0.88752073,37.018063,False,2
2698,2,-0.6743179,36.866104,False,2
2699,2,-1.2400815,36.946575,False,2
2700,2,-1.1651443,36.76087,False,2
2701,2,-1.1599277,36.84169,False,2
2702,2,-1.3065499,36.78877,False,2
2703,2,-0.23702067,36.943443,False,2
2704,2,-0.79185945,36.924366,False,2
2705,2,-0.7171853,37.08899,False,2
2706,2,-1.2390236,36.647884,False,2
2707,2,-0.6466004,36.592907,False,2
2708,2,-0.38432953,36.507492,False,2
2709,2,-0.4397538,37.268612,False,2
2710,2,-0.13818562,36.831963,False,2
2711,2,0.12705338,36.361996,False,2
2712,2,-1.3386433,36.78365,False,2
2713,2,-0.9470331,36.66749,False,2
2714,2,-1.1286262,36.649788,False,2
2715,2,-0.23286153,37.607937,False,2
2716,2,-1.2985722,36.869278,False,2
2717,2,-0.41887575,37.460495,False,2
2718,2,-0.8745815,37.18105,False,2
2719,2,-0.8728764,37.316853,False,2
2720,2,-1.260658,36.861244,False,2
2721,2,-0.6199944,36.91058,False,2
2722,2,-0.39272234,37.1486,False,2
2723,2,-0.7396798,37.405193,False,2
2724,2,-0.57841754,37.0838,False,2
2725,2,-0.6590149,37.36693,False,2
2726,2,-0.09189711,36.529762,False,2
2727,2,-0.54692036,37.206863,False,2
2728,2,0.06550235,37.68813,False,2
2729,2,-0.4214299,36.967403,False,2
2730,2,-0.09329185,36.33382,False,2
2731,2,-0.2796861,36.372795,False,2
2732,2,-0.54588515,36.8332,False,2
2733,2,-1.2055265,36.88455,False,2
2734,2,-1.2465982,36.879734,False,2
2735,2,-1.1742018,36.966427,False,2
2736,2,-0.4054851,37.561916,False,2
2737,2,-0.12529911,37.59139,False,2
2738,2,-1.2928104,36.835316,False,2
2739,2,-0.46014315,36.830643,False,2
2740,2,-1.0659243,37.162758,False,2
2741,2,0.28724715,37.75576,False,2
2742,2,0.18699893,37.721363,False,2
2743,2,-1.2409871,36.788948,False,2
2744,2,-2.0920153,41.08161,False,2
2745,2,-3.45519,39.51099,False,2
2746,2,-2.43337,40.0539,False,2
2747,2,-2.5214102,39.2915,False,2
2748,2,-2.2739158,40.898468,False,2
2749,2,-3.0915098,37.7623,False,2
2750,2,-3.7628455,39.52656,False,2
2751,2,-2.7898884,38.357647,False,2
2752,2,-3.3674521,39.83121,False,2
2753,2,-3.7206612,39.689877,False,2
2754,2,-3.9812222,39.099865,False,2
2755,2,-2.57651,40.153343,False,2
2756,2,-2.7893405,38.67402,False,2
2757,2,-4.3920126,39.022434,False,2
2758,2,-2.898521,39.69651,False,2
2759,2,-3.21339,39.853706,False,2
2760,2,-4.271764,39.355526,False,2
2761,2,-4.395362,39.400013,False,2
2762,2,-3.7211,38.3394,False,2
2763,2,-3.8841283,39.583164,False,2
2764,2,-3.4248586,37.961536,False,2
2765,2,-3.382436,38.66907,False,2
2766,2,-3.2871408,38.28321,False,2
2767,2,-1.9237347,41.00664,False,2
2768,2,-4.0273304,39.613327,False,2
2769,2,-2.1047974,40.81432,False,2
2770,2,-1.8113066,41.423985,False,2
2771,2,-3.9970837,39.59897,False,2
2772,2,-3.4748557,39.894226,False,2
2773,2,-3.8183997,39.75417,False,2
2774,2,-4.02696,39.541443,False,2
2775,2,-2.4986742,40.5506,False,2
2776,2,-2.579678,40.27789,False,2
2777,2,-3.9723742,39.68733,False,2
2778,2,-1.8075452,41.351643,False,2
2779,2,-4.0964584,39.63033,False,2
2780,2,-4.563595,39.301487,False,2
2781,2,-2.9467669,40.12135,False,2
2782,2,-3.215862,40.074574,False,2
2783,2,-4.176134,39.564,False,2
2784,2,-2.2641637,40.694973,False,2
2785,2,-4.4061017,39.48312,False,2
2787,2,-4.0308394,39.702007,False,2
2788,2,-3.91863,39.62113,False,2
2789,2,-2.40408,40.70567,False,2
2790,2,0.16523507,40.012737,False,2
2791,2,0.20073368,39.26922,False,2
2792,2,0.08652095,39.082294,False,2
2793,2,0.4332006,39.58429,False,2
2794,2,0.4264773,38.852184,False,2
2795,2,0.5798721,40.450127,False,2
2796,2,-0.051812798,38.834377,False,2
2797,2,1.2869545,40.490604,False,2
2798,2,0.054347746,40.282883,False,2
2799,2,0.5669058,40.889343,False,2
2800,2,-0.059508886,40.73331,False,2
2801,2,0.12235892,38.81859,False,2
2802,2,0.020797104,39.77013,False,2
2803,2,1.0750022,40.83164,False,2
2804,2,-0.28531,40.189114,False,2
2805,2,-0.40752038,39.654972,False,2
2806,2,0.1864797,38.640663,False,2
2807,2,0.23372626,39.617924,False,2
2808,2,0.76053846,39.811543,False,2
2809,2,1.5441941,40.634823,False,2
2810,2,-0.45542926,39.788597,False,2
2811,2,0.1820936,38.95409,False,2
2812,2,-0.3918056,40.672264,False,2
2813,2,1.7467175,40.857265,False,2
2814,2,0.0009989609,38.51061,False,2
2815,2,0.17717323,40.20487,False,2
2816,2,1.0930041,40.038692,False,2
2817,2,0.23671928,40.789402,False,2
2818,2,0.5343264,39.24519,False,2
2819,2,0.60058963,39.126232,False,2
2820,2,-0.55089605,40.08203,False,2
2821,2,0.77780527,39.48034,False,2
2822,2,-0.0075371983,39.254658,False,2
2823,2,-0.5454687,39.72677,False,2
2824,2,-0.19397832,39.602764,False,2
2825,2,-0.08170585,39.583843,False,2
2826,2,0.72696084,39.0418,False,2
2827,2,-0.36454076,39.742706,False,2
2828,1,4.0426364,36.26374,False,1
2829,9,3.5805454,35.835575,False,9
2830,9,3.2734845,36.011642,False,9
2831,2,2.5785017,36.456764,False,2
2832,9,2.921661,36.208065,False,9
2833,1,4.133492,35.864544,False,1
2834,1,4.461072,35.890556,False,1
2835,2,2.9194405,36.543816,False,2
2836,1,3.5028362,36.265125,False,9
2837,2,2.4420753,36.676888,False,2
2838,9,-0.111311466,34.12388,False,9
2839,9,0.07771024,33.995808,False,9
2840,9,0.2111701,34.01677,False,9
2841,9,-0.52660906,34.464302,False,9
2842,9,-0.3668804,34.592175,False,9
2843,9,-0.10044084,34.7599,False,9
2844,9,-0.1587207,34.774227,False,9
2845,9,-0.10019636,34.658848,False,9
2846,9,-0.46297774,34.212765,False,9
2847,9,-0.31816757,34.814854,False,9
2848,9,-0.23193657,34.8341,False,9
2849,9,-0.905684,34.144638,False,9
2850,9,-0.49066123,34.52036,False,9
2851,9,-0.2669596,34.33826,False,9
2852,9,-0.16137567,34.50507,False,9
2853,9,-0.65353084,34.099125,False,9
2854,11,3.9278142,41.797867,False,11
2855,11,3.9270067,41.619873,False,11
2856,11,3.9325006,41.7121,False,11
2857,11,3.915164,41.418907,False,11
2858,11,3.9657617,41.750088,False,11
2859,11,3.9510384,41.129147,False,11
2860,11,3.922492,41.216534,False,11
2861,11,3.9472404,41.8546,False,11
2862,2,2.32887,37.91765,False,2
2863,2,2.3546586,37.960827,False,2
2864,2,2.3633268,38.029133,False,2
2865,2,2.8841095,39.57388,False,2
2866,2,3.2959602,39.445267,False,2
2867,2,3.4459841,39.00836,False,2
2868,2,3.1540985,39.780228,False,2
2869,2,3.4468956,39.89545,False,2
2870,2,2.4858594,39.63019,False,2
2871,2,2.526403,39.552464,False,2
2872,2,3.7483416,39.91121,False,2
2873,2,3.299946,39.367878,False,2
2874,2,3.2491198,39.218555,False,2
2875,2,3.391084,39.649403,False,2
2876,2,3.5015852,39.11136,False,2
2877,2,2.5604584,39.115574,False,2
2878,2,2.8395503,39.223198,False,2
2879,2,2.5154967,39.312244,False,2
2880,2,2.6470892,39.410416,False,2
2881,2,3.5032656,39.05967,False,2
2882,2,3.5086832,38.905876,False,2
2883,2,3.2091527,40.14157,False,2
2884,2,1.2795591,39.456364,False,2
2885,2,3.0978582,41.04793,False,2
2886,11,3.6709697,41.43449,False,11
2887,11,3.6450267,41.55784,False,11
2888,2,2.0442457,39.6286,False,2
2889,2,2.0494938,39.302673,False,2
2890,2,3.4101763,40.749325,False,2
2891,2,3.2233264,40.912388,False,2
2892,2,3.9394584,40.374928,False,2
2893,2,1.7522514,40.021976,False,2
2894,2,2.8101666,39.955032,False,2
2895,11,3.8383522,41.76721,False,11
2896,2,1.5857757,40.29701,False,2
2897,2,1.04623,38.398746,False,2
2898,2,1.4895647,38.924896,False,2
2899,2,3.0133626,39.83422,False,2
2900,2,2.414627,39.70414,False,2
2901,2,3.8434434,40.18935,False,2
2902,2,2.6150963,40.330326,False,2
2903,2,2.3653166,39.482723,False,2
2904,2,2.0548608,39.804996,False,2
2905,2,2.971867,41.006905,False,2
2906,2,2.7928438,40.92803,False,2
2907,2,3.4045448,41.266205,False,2
2908,2,1.6403533,39.78947,False,2
2909,2,0.6782252,38.55468,False,2
2910,2,3.7873187,40.043655,False,2
2911,2,3.955543,40.589813,False,2
2912,2,3.6495728,40.583622,False,2
2913,2,1.6151143,39.490993,False,2
2914,2,1.6359341,40.241695,False,2
2915,11,3.8844645,41.738174,False,11
2916,2,1.968454,40.64344,False,2
2917,2,3.970227,40.155025,False,2
2918,2,0.7363833,38.249783,False,2
2919,2,2.4422119,39.02171,False,2
2920,2,2.5679107,40.778934,False,2
2921,2,3.1804562,41.203453,False,2
2922,2,1.4341924,39.99212,False,2
2923,2,3.6195161,40.21916,False,2
2924,2,2.2763717,39.173294,False,2
2925,2,2.132437,39.222286,False,2
2926,11,3.7711701,41.361477,False,11
2927,2,4.127757,40.701057,False,2
2928,2,3.7580547,40.95847,False,2
2929,2,3.9918976,40.8323,False,2
2930,2,3.9340248,41.003098,False,2
2931,2,3.777375,41.125984,False,2
2932,2,2.4448917,40.018196,False,2
2933,2,0.9378818,38.965904,False,2
2934,2,2.993408,40.61444,False,2
2935,2,3.4890914,40.12372,False,2
2936,2,3.198928,40.385944,False,2
2937,2,2.0720394,40.07939,False,2
2938,2,1.7225362,40.07063,False,2
2939,2,1.7764889,40.077137,False,2
2940,2,3.4675455,41.075916,False,2
2941,2,3.0815697,40.817944,False,2
2942,2,2.252989,40.453445,False,2
2943,2,1.443012,36.841835,False,2
2944,2,0.43338856,37.479767,False,2
2945,2,2.9934204,38.99855,False,2
2946,2,1.175621,38.170574,False,2
2947,2,1.6894393,38.510338,False,2
2948,1,4.0368743,37.09606,False,1
2949,2,1.585931,36.87965,False,2
2950,2,3.0475404,39.136383,False,2
2951,1,4.18015,36.45649,False,1
2952,2,2.2219887,37.870106,False,2
2953,2,2.4479625,37.27203,False,2
2954,2,0.76632524,38.104073,False,2
2955,2,2.0863464,37.470062,False,2
2956,2,1.6010547,37.90508,False,2
2957,2,1.9674618,38.10861,False,2
2958,2,2.8501577,36.85347,False,2
2959,2,3.2350888,37.702,False,2
2960,2,2.492524,37.872322,False,2
2961,2,1.7413069,36.63909,False,2
2962,2,1.7441779,37.122257,False,2
2963,2,0.6359482,37.83524,False,2
2964,1,3.542019,36.782337,False,1
2965,2,2.1142883,36.786648,False,2
2966,2,3.1731782,38.784878,False,2
2967,2,0.55582523,37.374043,False,2
2968,2,2.3228707,38.066093,False,2
2969,2,3.5559275,38.683907,False,2
2970,2,0.45369604,37.647614,False,2
2971,2,2.5834525,38.45236,False,2
2972,2,3.1016083,38.582176,False,2
2973,2,1.0241407,37.440388,False,2
2974,2,1.3925945,37.285007,False,2
2975,2,0.6700098,37.398457,False,2
2976,2,1.013411,37.72856,False,2
2977,2,2.1250694,36.0563,False,2
2978,2,1.847011,36.257107,False,2
2979,2,2.1281393,36.31815,False,2
2980,2,1.9337672,36.27374,False,2
2981,1,4.6084046,35.26148,False,1
2982,9,2.1527994,35.14227,False,9
2983,1,3.9909868,35.49997,False,1
2984,9,3.6105726,34.911682,False,9
2985,9,2.4598227,35.967953,False,9
2986,9,3.9209137,34.36046,False,9
2987,9,3.4658697,35.66344,False,9
2988,9,3.059741,35.71281,False,9
2989,9,3.2574027,35.879295,False,9
2990,2,1.6702094,36.12898,False,2
2991,9,1.7299948,35.262268,False,9
2992,9,2.16452,35.392807,False,9
2993,2,2.3579714,36.37176,False,2
2994,9,2.2638333,35.528553,False,9
2995,9,2.832476,36.05153,False,9
2996,1,5.121206,35.43022,False,1
2997,9,2.6650324,35.305737,False,9
2998,1,4.0405784,35.755272,False,1
2999,1,4.60054,35.701015,False,1
3000,9,3.4674222,34.63758,False,9
3001,9,1.8858895,35.61022,False,9
3002,9,3.2263417,35.667202,False,9
3003,9,3.0988514,34.918705,False,9
3004,9,2.6455235,35.675385,False,9
3005,9,4.270686,34.262806,False,9
3006,9,2.7402165,34.848682,False,9
3007,9,2.024449,35.82224,False,9
3008,9,3.922446,34.99752,False,9
3009,2,1.5687317,36.447044,False,2
3010,9,3.873571,35.220654,False,9
3011,9,4.522211,34.67071,False,9
3012,2,2.3659706,36.669834,False,2
3013,9,1.6798912,35.540024,False,9
3014,9,4.212381,34.783497,False,9
3015,9,1.5755912,35.80638,False,9
3016,9,3.1914146,35.31465,False,9
3017,2,-0.061574638,37.858566,False,2
3018,2,-0.3675259,37.804207,False,2
3019,2,0.37211317,38.425014,False,2
3020,2,0.3000054,37.99708,False,2
3021,2,0.46422845,37.988518,False,2
3022,2,0.09236446,38.142963,False,2
3023,2,-2.1273906,37.508976,False,2
3024,2,-2.5188546,38.14348,False,2
3025,2,-2.2236464,37.815533,False,2
3026,2,-1.8613234,37.263542,False,2
3027,2,0.34022257,38.29231,False,2
3028,2,-1.3751812,38.01325,False,2
3029,2,-1.373007,38.506653,False,2
3030,2,-1.5644014,38.021423,False,2
3031,2,-1.9816383,38.50168,False,2
3032,2,-1.4076298,37.85509,False,2
3033,2,-0.25988036,37.804073,False,2
3034,2,-1.7013354,37.143017,False,2
3035,2,-1.9414952,37.753376,False,2
3036,2,-0.9573797,37.645844,False,2
3037,2,-0.5419411,37.768192,False,2
3038,2,-0.74678767,37.64375,False,2
3039,2,-1.6824707,37.707043,False,2
3040,2,-1.4270421,37.554134,False,2
3041,2,-0.92511433,38.45224,False,2
3042,2,-0.4638907,38.299934,False,2
3043,2,-0.97157866,37.95258,False,2
3044,2,-0.0036258744,37.869026,False,2
3045,2,-0.13695511,37.823483,False,2
3046,2,-0.14349061,38.031567,False,2
3047,2,0.22202885,37.81162,False,2
3048,2,-1.2375487,37.581123,False,2
3049,2,-1.164302,37.143776,False,2
3050,2,-1.775067,37.439037,False,2
3051,2,-1.3417029,37.35875,False,2
3052,2,-1.259023,37.045647,False,2
3053,2,-1.417996,37.298763,False,2
3054,2,-1.8193313,37.33004,False,2
3055,2,-1.5695086,37.240997,False,2
3056,2,-1.8885121,37.519474,False,2
3057,2,-1.210098,37.2491,False,2
3058,2,-1.4379219,37.06569,False,2
3059,2,-1.6237607,37.47568,False,2
3060,2,-1.395168,37.406437,False,2
3061,2,-1.214355,37.10401,False,2
3062,2,-1.7883735,40.99408,False,2
3063,2,-0.428776,38.938946,False,2
3064,8,-1.1544785,40.358078,False,8
3065,8,-1.3703827,40.00697,False,8
3066,2,-0.85413307,39.6681,False,2
3067,8,-1.0595489,40.821617,False,8
3068,8,-0.7513221,40.582573,False,8
3069,8,-2.324972,40.21686,False,8
3070,8,-2.003384,39.984596,False,8
3071,8,-2.416141,40.15586,False,8
3072,2,-1.8502636,39.38091,False,2
3073,2,-2.0355794,39.38017,False,2
3074,2,-1.9640687,40.67043,False,2
3075,2,-0.97473794,39.33821,False,2
3076,8,-1.3524683,41.167046,False,8
3077,8,-1.6780089,40.56833,False,8
3078,8,-0.67761797,40.833206,False,8
3079,8,-1.7369329,39.997902,False,8
3080,8,-2.4342318,40.470325,False,8
3081,8,-2.4567063,40.30937,False,8
3082,8,-1.7395965,41.297657,False,8
3083,8,-1.7230825,40.266823,False,8
3084,2,-0.32495552,39.313572,False,2
3085,2,-1.5917836,39.909412,False,2
3086,8,-2.114922,40.5401,False,8
3087,2,-0.73399115,40.090073,False,2
3088,2,-0.58882046,39.529434,False,2
3089,8,-1.5327175,40.885357,False,8
3090,2,-1.4678146,39.387016,False,2
3091,8,-2.236992,40.38593,False,8
3092,2,-1.0622324,35.08314,False,2
3093,2,-1.6170754,36.94635,False,2
3094,2,-1.3817536,36.681625,False,2
3095,2,-1.2808179,36.481133,False,2
3096,2,-1.2606467,36.570534,False,2
3097,2,-1.1042482,34.88162,False,2
3098,2,-1.2298526,34.601692,False,2
3099,2,-1.1746374,34.51911,False,2
3100,2,-1.3880268,36.84186,False,2
3101,2,-1.1898557,36.557526,False,2
3102,2,-1.4490633,36.909737,False,2
3103,2,-0.97842854,36.36514,False,2
3104,2,-1.0578606,36.146137,False,2
3105,2,-0.9017192,35.88177,False,2
3106,2,-0.94651586,35.63949,False,2
3107,2,-1.0285162,35.410442,False,2
3108,2,-1.0989835,34.575993,False,2
3109,2,-1.134539,34.408215,False,2
3110,2,-2.194642,36.819996,False,2
3111,2,-2.0714498,37.248142,False,2
3112,2,-2.62925,37.45519,False,2
3113,2,-1.7856263,36.379944,False,2
3114,2,-2.6420817,37.96463,False,2
3115,2,-2.4187722,37.751087,False,2
3116,2,-1.3091938,34.901413,False,2
3117,2,-1.2908949,34.654133,False,2
3118,2,-1.2932094,36.062027,False,2
3119,2,-1.1684363,35.8362,False,2
3120,2,-1.5976158,35.840996,False,2
3121,2,-1.4394192,35.382496,False,2
3122,2,-2.8335974,37.994675,False,2
3123,2,-0.074335955,38.75209,False,2
3124,8,-1.3441882,40.014084,False,8
3125,8,-0.92217785,39.87058,False,8
3126,2,-0.041221227,38.66886,False,2
3127,8,-2.3270223,40.17196,False,8
3128,8,-2.0644994,40.1607,False,8
3129,8,-2.3893712,40.17306,False,8
3130,8,-1.7556242,40.11857,False,8
3131,2,-0.051783424,38.49669,False,2
3132,8,-2.4882717,40.24655,False,8
3133,2,-0.16283418,39.294327,False,2
3134,8,-1.5621113,40.07489,False,8
3135,2,-0.5478171,39.68961,False,2
3136,9,3.1033392,35.665943,False,9
3137,9,3.1373065,35.957424,False,9
3138,9,3.1168826,35.927242,False,9
3139,9,2.8697076,35.39986,False,9
3140,9,3.1494746,35.70958,False,9
3141,9,3.0137408,35.482784,False,9
3142,2,1.304839,36.72331,False,2
3143,2,1.1163967,36.894493,False,2
3144,2,0.47004017,35.7639,False,2
3145,2,0.7507139,35.79544,False,2
3146,2,0.48779598,36.068626,False,2
3147,2,1.4048493,36.80009,False,2
3148,9,1.5463781,34.984314,False,9
3149,2,1.2990955,36.21828,False,2
3150,9,1.5223864,35.158375,False,9
3151,2,0.7781081,35.620102,False,2
3152,2,0.01682694,36.845127,False,2
3153,2,0.4219812,36.906868,False,2
3154,2,0.3628795,36.509575,False,2
3155,2,0.89322174,36.85748,False,2
3156,2,1.1059297,36.505634,False,2
3157,16,1.1635648,35.590305,False,9
3158,2,0.9532384,35.60414,False,2
3159,2,1.1093534,36.686398,False,2
3160,2,1.4515036,36.488888,False,2
3161,2,0.6393146,37.13053,False,2
3162,9,1.3956238,35.31201,False,9
3163,2,1.2233801,36.570427,False,2
3164,9,1.4309527,35.55162,False,9
3165,2,0.9047272,36.57943,False,2
3166,2,1.0412767,36.022606,False,2
3167,2,1.06544,37.19784,False,2
3168,2,1.2467346,37.061886,False,2
3169,2,0.8858864,37.152596,False,2
3170,2,0.8224275,37.288616,False,2
3171,16,0.31436908,35.45495,False,16
3172,16,-0.3055975,35.277367,False,16
3173,16,0.06369328,34.996086,False,16
3174,16,-0.9552725,34.587517,False,16
3175,16,-0.41338646,35.27032,False,16
3176,16,-0.8331753,34.80913,False,16
3177,16,-0.91288215,34.755386,False,16
3178,16,-0.81272304,34.709946,False,16
3179,16,-0.72478855,35.31502,False,16
3180,16,-0.8349343,35.419556,False,16
3181,16,-0.66715044,34.690506,False,16
3182,16,-0.7162075,35.022488,False,16
3183,16,0.56349,34.45688,False,16
3184,16,-0.5651643,35.134007,False,16
3185,16,0.21981162,34.524124,False,16
3186,16,0.36093792,34.325703,False,16
3187,16,-0.8998369,35.25225,False,16
3188,16,0.990538,35.20047,False,16
3189,16,0.28141472,35.091824,False,16
3190,16,-0.0042967135,35.627357,False,16
3191,16,0.18399511,35.093925,False,16
3192,16,0.08548476,34.615345,False,16
3193,16,-0.9708037,35.08049,False,16
3194,16,0.12765789,34.846394,False,16
3195,16,0.18969767,34.70957,False,16
3196,16,-0.47114873,34.886475,False,16
3197,16,0.6900327,34.603336,False,16
3198,16,0.5541972,34.59241,False,16
3199,16,0.42595634,35.243713,False,16
3200,16,-0.5487333,34.71842,False,16
3201,16,0.6443366,35.465343,False,16
3202,16,0.3469526,35.505947,False,16
3203,16,0.21146296,35.395084,False,16
3204,16,0.14529222,34.58285,False,16
3205,16,-0.99374557,34.82065,False,16
3206,16,0.78257155,34.73409,False,16
3207,16,0.9195161,34.971558,False,16
3208,16,-0.1719121,35.513912,False,16
3209,16,-0.15121755,35.39725,False,16
3210,16,-0.5672371,34.820683,False,16
3211,16,-0.62081534,34.75452,False,16
3212,16,-0.6911216,34.902836,False,16
3213,16,-0.54408646,35.37422,False,16
3214,16,-0.29332107,35.60091,False,16
3215,16,-0.5188331,35.637,False,16
3216,16,1.0574448,34.993057,False,16
3217,16,0.7611906,35.09051,False,16
3218,16,0.6432888,34.91592,False,16
3219,16,0.2845361,34.702625,False,16
3220,16,0.4491997,34.835087,False,16
3221,16,0.9431181,35.40859,False,16
3222,16,0.42488685,34.203083,False,16
3223,16,0.4053283,34.460484,False,16
3224,16,0.70870936,35.397926,False,16
3225,16,-0.35873616,35.753826,False,16
3226,16,0.45182967,35.03056,False,16
3227,16,0.8363615,34.61671,False,16
3228,16,-0.116420716,35.14592,False,16
3229,16,0.32722533,34.56587,False,16
3230,16,0.27313003,34.44416,False,16
3231,16,0.48239037,34.31453,False,16
3232,16,0.06474928,35.163548,False,16
3233,16,-0.64284086,35.701748,False,16
3234,16,-0.7086351,35.503883,False,16
3235,16,-0.8945732,35.460495,False,16
3236,16,0.39724347,34.674652,False,16
3237,16,-0.50385785,34.993477,False,16
3238,16,-0.20061328,35.056786,False,16
3239,16,-0.7416381,34.823402,False,16
3240,16,-0.8414893,34.932446,False,16
3241,16,-0.8066072,34.609028,False,16
3242,16,0.11220851,34.75608,False,16
3243,16,0.9670454,34.868206,False,16
3244,16,0.2708853,34.858276,False,16
3245,16,-0.3013085,35.113903,False,16
3246,16,0.7426995,34.472244,False,16
3247,16,-0.7577427,35.137314,False,16
3248,16,-0.85222083,34.65671,False,16
3249,16,0.81163114,35.234272,False,16
3250,16,0.6770404,34.340614,False,16
3251,16,0.5402549,34.220497,False,16
3252,16,0.02734221,35.312218,False,16
3253,16,0.7802065,34.927715,False,16
3254,16,0.5983466,35.139275,False,16
3255,16,0.65826833,34.78667,False,16
3256,16,0.62220675,34.702934,False,16
3257,16,-0.5860863,34.930264,False,16
3258,16,0.004995457,34.8647,False,16
3259,16,0.061594483,34.23276,False,16
3260,16,-0.8521483,34.53173,False,16
3261,16,-0.0892743,34.223774,False,16
3262,16,0.089446805,34.043514,False,16
3263,16,0.32088348,34.223267,False,16
3264,16,0.25475132,34.09215,False,16
3265,16,0.04622034,34.4534,False,16
3266,16,0.027790587,34.770412,False,16
3267,16,-0.60141635,34.495865,False,16
3268,16,-0.42674127,34.84834,False,16
3269,16,-0.4091509,34.622097,False,16
3270,16,-0.48148572,34.706703,False,16
3271,16,-0.08355126,34.812683,False,16
3272,16,-0.044757385,34.65714,False,16
3273,16,0.021014178,34.60072,False,16
3274,16,0.3881843,34.150078,False,16
3275,16,-0.55495423,34.305588,False,16
3276,16,-0.0848361,34.909554,False,16
3277,16,-0.7337634,34.382023,False,16
3278,16,-0.33016455,34.936104,False,16
3279,16,-0.19450447,34.921074,False,16
3280,16,-0.94070464,34.241917,False,16
3281,16,-0.55723965,34.58989,False,16
3282,16,-0.19371296,34.33869,False,16
3283,16,-0.71844983,34.572083,False,16
3284,16,-0.087803625,34.508312,False,16
3285,16,-0.6381486,34.19848,False,16
3286,16,-1.0409973,34.455097,False,16
3287,16,-1.078837,34.351414,False,16
3288,16,0.23640753,34.22617,False,16
3289,16,0.19181658,34.335197,False,16
3290,16,-0.9423221,34.448856,False,16
3291,16,0.03271326,34.69298,False,16
3292,16,-0.21241365,36.128536,False,16
3293,16,0.34076372,35.722103,False,16
3294,16,0.27502513,36.022636,False,16
3295,16,1.1035817,35.17274,False,16
3296,16,0.028934248,35.744938,False,16
3297,16,1.1258404,34.772625,False,16
3298,16,-0.5350512,36.258408,False,16
3299,9,1.3839791,34.845924,False,9
3300,16,1.3009164,35.026043,False,16
3301,16,0.70616865,35.548016,False,16
3302,16,0.3559946,35.603798,False,16
3303,16,1.1600084,34.977818,False,16
3304,16,1.0382231,35.495903,False,16
3305,16,1.0378041,35.402557,False,16
3306,16,0.16020004,35.98392,False,16
3307,16,-0.31813818,35.823963,False,16
3308,16,0.9604287,34.588863,False,16
3309,2,-0.82984275,36.413784,False,16
3310,16,-0.3594318,36.11466,False,16
3311,16,-0.3580764,36.057568,False,16
3312,16,-0.6548193,35.949844,False,16
3313,16,-0.48983702,35.967606,False,16
3314,16,-0.27841553,36.26192,False,16
3315,16,1.2445053,35.26622,False,16
3316,16,-0.094901584,35.994686,False,16
3317,16,0.99114376,34.73834,False,16
3318,16,-0.0142011065,36.186375,False,16
3319,15,-17.742947,45.59961,True,15
3320,15,-18.16227,47.055023,True,15
3321,15,-18.271675,46.36197,True,15
3322,15,-17.36416,45.98998,True,15
3323,15,-19.682726,46.19767,True,15
3324,15,-19.162802,45.36913,True,15
3325,15,-17.934658,44.959335,True,15
3326,15,-17.140833,45.582336,True,15
3327,15,-18.841454,45.970535,True,15
3328,15,-17.918589,48.451153,True,15
3329,15,-17.456495,48.309994,True,15
3330,15,-16.720486,48.34913,True,15
3331,15,-25.049015,46.401546,True,15
3332,3,-24.957977,45.77159,True,3
3333,3,-24.630411,45.291714,True,3
3334,3,-25.070198,45.036655,True,3
3335,15,-25.034657,46.623333,True,15
3336,3,-25.327257,45.482597,True,3
3337,15,-19.463402,47.565662,True,15
3338,15,-19.74559,47.498787,True,15
3339,15,-19.882318,47.158607,True,15
3340,15,-19.881924,47.031895,True,15
3341,15,-19.229156,47.244164,True,15
3342,15,-19.94704,46.667484,True,15
3343,15,-19.412275,46.90293,True,15
3344,15,-19.227076,46.559628,True,15
3345,15,-24.524715,46.206345,True,15
3346,15,-22.104069,44.840607,True,15
3347,15,-23.781488,46.5984,True,15
3348,15,-21.578077,45.095963,True,15
3349,15,-22.839125,45.860306,True,15
3350,15,-23.153463,46.634567,True,15
3351,15,-22.343538,45.8234,True,15
3352,15,-22.520823,46.916016,True,15
3353,15,-16.670738,46.475513,True,15
3354,15,-15.695092,46.34265,True,15
3355,15,-15.65351,46.752438,True,15
3356,15,-16.16158,46.626976,True,15
3357,15,-16.110968,45.927635,True,15
3358,15,-19.558475,48.470184,True,15
3359,15,-18.641617,48.853226,True,15
3360,15,-20.031748,48.51714,True,15
3361,15,-19.360508,48.77826,True,15
3362,15,-18.665401,47.43592,True,15
3363,15,-19.300175,47.746067,True,15
3364,15,-18.202509,47.751522,True,15
3365,15,-19.024933,47.518463,True,15
3366,15,-18.90155,47.62569,True,15
3367,15,-18.9289,47.5484,True,15
3368,15,-18.933374,47.51385,True,15
3369,15,-18.883785,47.536953,True,15
3370,15,-18.86612,47.493275,True,15
3371,15,-18.974873,47.238285,True,15
3372,15,-18.828333,47.790524,True,15
3373,15,-18.90675,46.830788,True,15
3374,15,-19.5138,48.124565,True,15
3375,15,-23.852404,46.952545,True,15
3376,15,-21.09222,47.636547,True,15
3377,15,-21.925781,47.450264,True,15
3378,15,-21.68405,47.665226,True,15
3379,15,-20.092072,47.966656,True,15
3380,15,-23.343105,46.996727,True,15
3381,15,-20.537014,47.874264,True,15
3382,15,-22.314873,47.516003,True,15
3383,15,-22.686613,47.306034,True,15
3384,15,-13.492335,48.577335,True,15
3385,15,-13.492769,49.08625,True,15
3386,15,-12.291845,49.265556,True,15
3387,15,-12.590734,49.23724,True,15
3388,15,-13.336177,48.27015,True,15
3389,15,-24.287794,46.443794,True,15
3390,15,-24.405416,45.83856,True,15
3391,15,-24.145832,44.89721,True,15
3392,15,-24.094492,46.886482,True,15
3393,15,-24.02233,45.45611,True,15
3394,15,-23.403084,45.086704,True,15
3395,15,-23.579279,44.70469,True,15
3396,15,-23.437265,45.87902,True,15
3397,15,-24.771929,46.84499,True,15
3398,3,-24.563282,44.44803,True,3
3399,15,-23.753593,44.332516,True,15
3400,3,-23.863098,43.88619,True,3
3401,3,-25.15829,46.388283,True,3
3402,3,-25.280375,46.025787,True,3
3403,3,-24.78844,44.026386,True,3
3404,3,-25.363058,44.831753,True,3
3405,15,-25.157341,46.62282,True,15
3406,3,-23.770752,43.714855,True,3
3407,3,-25.52904,45.42455,True,3
3408,15,-18.805935,48.26582,True,15
3409,15,-14.544589,48.843967,True,15
3410,15,-15.168527,48.77671,True,15
3411,15,-16.033478,48.736233,True,15
3412,15,-13.895616,48.470036,True,15
3413,15,-13.982541,48.272038,True,15
3414,15,-14.56754,49.553543,True,15
3415,15,-15.221324,50.14205,True,15
3416,15,-16.232697,49.511257,True,15
3417,15,-15.460723,49.500088,True,15
3418,15,-14.222129,49.78658,True,15
3419,15,-13.485469,49.714653,True,15
3420,15,-14.0102215,47.796555,True,15
3421,15,-14.743871,47.76986,True,15
3422,15,-14.999978,48.057503,True,15
3423,15,-14.839087,48.539616,True,15
3424,15,-14.923928,48.499752,True,15
3425,15,-15.717255,47.727406,True,15
3426,15,-16.16169,47.673294,True,15
3427,15,-21.769093,46.437386,True,15
3428,15,-20.502323,46.309513,True,15
3429,15,-21.181616,45.553265,True,15
3430,15,-21.275837,46.146263,True,15
3431,15,-22.806877,47.65876,True,15
3432,15,-21.92841,47.882893,True,15
3433,15,-21.197685,48.086124,True,15
3434,15,-20.573498,48.260033,True,15
3435,15,-24.402552,47.147053,True,15
3436,15,-23.558233,47.398952,True,15
3437,15,-22.350248,47.758755,True,15
3438,15,-21.938795,46.88632,True,15
3439,15,-21.068924,47.168873,True,15
3440,15,-20.575628,47.29989,True,15
3441,15,-20.266327,47.442707,True,15
3442,15,-21.453785,47.087555,True,15
3443,15,-21.371227,46.69035,True,15
3444,15,-21.280973,46.896564,True,15
3445,15,-21.410141,47.266254,True,15
3446,15,-20.750708,47.01948,True,15
3447,15,-21.665165,47.08752,True,15
3448,15,-22.277655,44.41194,True,15
3449,15,-22.02754,43.714886,True,15
3450,15,-22.786509,44.441303,True,15
3451,15,-23.340893,43.65834,True,15
3452,15,-22.938799,43.761974,True,15
3453,15,-24.605183,45.776703,True,15
3454,15,-24.351177,45.369,True,15
3455,15,-17.203407,48.8422,True,15
3456,15,-17.163338,49.20224,True,15
3457,15,-16.898335,49.910637,True,15
3458,15,-16.723225,49.30962,True,15
3459,15,-18.14627,49.395367,True,15
3460,15,-18.005707,49.141094,True,15
3461,15,-17.506031,49.0213,True,15
3462,15,-19.639626,44.848095,True,15
3463,15,-20.63663,45.165627,True,15
3464,15,-21.422327,44.201313,True,15
3465,15,-20.587723,44.383278,True,15
3466,15,-17.619148,46.337196,True,15
3467,15,-17.239557,46.89127,True,15
3468,15,-17.144566,47.64116,True,15
3469,15,-18.82744,44.63604,True,15
3470,15,-16.921604,44.92074,True,15
3471,15,-17.726637,44.318054,True,15
3472,15,-16.44911,45.39692,True,15
3473,10,14.991702,6.1635175,False,10
3474,10,14.801704,3.7232876,False,10
3475,10,14.802901,1.0982306,False,10
3476,10,14.651862,4.3039293,False,10
3477,10,13.799043,3.022492,False,10
3478,10,14.872536,2.5407615,False,10
3479,10,14.51892,0.66985404,False,10
3480,10,14.714948,7.8438063,False,10
3481,10,14.823752,6.73111,False,10
3482,14,13.775953,13.140897,False,14
3483,10,14.73325,6.5216403,False,10
3484,10,14.556725,7.1567044,False,10
3485,10,14.10374,9.480336,False,10
3486,14,13.558837,12.527458,False,14
3487,10,14.211125,3.9740953,False,10
3488,10,14.281654,3.1751468,False,10
3489,10,13.713668,11.220884,False,10
3490,10,13.903486,10.165627,False,10
3491,10,14.935255,5.93978,False,10
3492,10,13.77943,3.4852376,False,10
3493,10,13.527425,11.923095,False,10
3494,10,14.303096,7.602357,False,10
3495,10,13.876044,9.275466,False,10
3496,14,13.909626,13.1542015,False,14
3497,10,14.5587225,2.1856694,False,10
3498,10,15.055198,4.815537,False,10
3499,10,14.051992,8.865839,False,10
3500,10,14.6229515,8.69566,False,10
3501,10,15.239046,5.4873576,False,10
3502,10,14.677304,0.4760957,False,10
3503,10,14.204342,8.244726,False,10
3504,10,14.601473,1.3794495,False,10
3505,10,15.450527,4.434861,False,10
3506,10,14.955528,5.219248,False,10
3507,10,16.778337,7.7283106,False,10
3508,10,18.794336,7.717624,False,10
3509,10,18.831099,8.484727,False,10
3510,10,17.07285,7.297654,False,10
3511,10,17.373241,8.055336,False,10
3512,10,14.589518,4.571335,False,10
3513,10,14.788477,6.981386,False,10
3514,10,14.190846,3.3610806,False,10
3515,10,14.596697,10.387522,False,10
3516,10,14.464384,5.1579294,False,10
3517,10,16.984535,7.17541,False,10
3518,10,14.717812,5.8098,False,10
3519,10,13.675255,3.390895,False,10
3520,10,15.591984,13.120113,False,10
3521,10,14.342217,2.1320243,False,10
3522,10,14.669647,4.9107842,False,10
3523,10,15.020995,10.504628,False,10
3524,10,14.810914,5.179964,False,10
3525,10,14.617659,4.403793,False,10
3526,10,13.695609,2.9406126,False,10
3527,10,13.186774,2.9050374,False,10
3528,10,12.647081,3.5678785,False,10
3529,10,13.975465,4.1922374,False,10
3530,10,12.658258,3.2435904,False,10
3531,10,14.036342,3.2154074,False,10
3532,10,12.158106,3.4807973,False,10
3533,10,13.131257,3.8588035,False,10
3534,14,13.617207,13.169869,False,14
3535,14,13.258584,12.541014,False,14
3536,14,13.1410675,12.2111,False,14
3537,14,13.888965,13.386175,False,14
3538,14,14.194942,13.378472,False,14
3539,10,12.247834,3.1405675,False,10
3540,10,12.424428,2.882324,False,10
3541,10,11.9530735,3.394234,False,10
3542,10,14.193337,1.4013608,False,10
3543,10,13.329834,2.2548387,False,10
3544,10,12.894336,2.4217684,False,10
3545,10,14.20067,1.4862556,False,10
3546,10,13.547939,2.1216073,False,10
3547,10,19.073702,13.245121,False,10
3548,10,16.881233,9.775215,False,10
3549,10,19.477308,6.922919,False,10
3550,10,20.552158,13.137487,False,10
3551,10,20.223406,9.7489195,False,10
3552,10,18.250637,5.527767,False,10
3553,10,16.961035,13.687251,False,10
3554,10,15.991327,9.492546,False,10
3555,10,17.598755,4.7812214,False,10
3556,10,17.614367,9.518219,False,10
3557,10,16.50384,11.08712,False,10
3558,10,14.703125,6.3320894,False,10
3559,10,13.521418,7.6343894,False,10
3560,10,14.305656,4.6529837,False,10
3561,10,13.731503,2.8555174,False,10
3562,10,14.317494,0.56079286,False,10
3563,10,13.936916,4.8888006,False,10
3564,10,13.111786,2.8008652,False,10
3565,14,13.678538,13.113991,False,14
3566,10,14.45011,6.104467,False,10
3567,10,14.077214,6.8157554,False,10
3568,10,13.646943,9.54589,False,10
3569,14,13.389507,12.547268,False,14
3570,10,12.707041,3.6387045,False,10
3571,10,13.853265,4.1690326,False,10
3572,10,12.969702,3.320647,False,10
3573,10,13.15341,9.539092,False,10
3574,10,12.650953,2.789664,False,10
3575,10,13.913362,2.6699352,False,10
3576,10,12.380041,3.3795314,False,10
3577,10,13.45504,8.025559,False,10
3578,10,13.794988,1.2559322,False,10
3579,10,13.40734,10.723325,False,10
3580,10,13.383609,10.007908,False,10
3581,10,13.704607,7.02156,False,10
3582,10,14.287232,5.2590814,False,10
3583,10,13.4617,8.549503,False,10
3584,10,14.640632,5.7594633,False,10
3585,10,13.463774,2.2783322,False,10
3586,10,13.547549,3.4362047,False,10
3587,10,14.141231,6.2917185,False,10
3588,10,13.3415,7.4105124,False,10
3589,10,13.242661,9.076959,False,10
3590,10,13.291405,11.927994,False,10
3591,10,14.081447,5.526111,False,10
3592,10,13.9513235,7.6455116,False,10
3593,10,13.560973,9.052872,False,10
3594,10,14.023499,2.1241496,False,10
3595,10,12.653412,2.2474558,False,10
3596,10,14.75609,5.43941,False,10
3597,10,13.797347,8.603327,False,10
3598,10,14.091983,0.8275676,False,10
3599,10,13.728435,8.171972,False,10
3600,10,13.069713,3.9055805,False,10
3601,10,14.116036,1.56498,False,10
3602,10,13.120773,1.4937589,False,10
3603,10,13.481581,2.0689342,False,10
3604,10,14.847189,5.2863145,False,10
3605,10,13.755035,8.988286,False,10
3606,10,13.503914,11.136428,False,10
3607,10,13.329736,10.178915,False,10
3608,10,13.41142,11.469102,False,10
3609,10,13.820938,5.2002163,False,10
3610,10,14.418858,6.0820785,False,10
3611,10,12.967469,9.272873,False,10
3612,10,13.38744,7.862975,False,10
3613,10,13.56978,6.646254,False,10
3614,10,13.242737,8.451682,False,10
3615,10,14.711138,5.8478923,False,10
3616,10,13.987558,6.094563,False,10
3617,10,13.245267,7.0754337,False,10
3618,10,13.025248,8.792064,False,10
3619,10,13.918457,5.6597333,False,10
3620,10,14.774657,5.5820346,False,10
3621,10,13.260681,8.276219,False,10
3622,10,13.486939,7.128847,False,10
3623,10,12.521581,3.5616763,False,10
3624,10,12.325579,3.2988172,False,10
3625,10,12.138849,3.513794,False,10
3626,10,15.626968,6.2848387,False,10
3627,10,15.269199,3.5159528,False,10
3628,10,16.094177,7.9936604,False,10
3629,10,18.250446,7.2729974,False,10
3630,10,15.066575,1.2422739,False,10
3631,10,15.160075,2.4554257,False,10
3632,10,15.242912,7.8660417,False,10
3633,10,15.160846,7.0174356,False,10
3634,10,15.188814,13.059559,False,10
3635,14,14.442137,13.036392,False,14
3636,10,15.815038,9.492268,False,10
3637,10,15.41778,11.076888,False,10
3638,10,14.9294615,7.4136157,False,10
3639,14,13.732081,12.671983,False,14
3640,10,14.0319,11.424816,False,10
3641,10,14.422168,10.266772,False,10
3642,10,16.865904,6.8898125,False,10
3643,10,13.980346,11.976363,False,10
3644,10,14.443309,12.164154,False,10
3645,14,14.135548,12.618218,False,14
3646,10,15.119555,1.6645963,False,10
3647,10,15.394598,5.2020197,False,10
3648,10,15.350861,9.042126,False,10
3649,10,16.690731,5.1514134,False,10
3650,10,15.958696,5.6868253,False,10
3651,10,17.361322,8.034345,False,10
3652,10,14.940147,0.50911367,False,10
3653,10,14.754038,10.698477,False,10
3654,10,16.047428,4.5975976,False,10
3670,4,2.7018769,23.7176,False,4
3671,4,0.6218748,27.646484,False,4
3672,4,1.3665905,24.847923,False,4
3673,4,1.4366496,24.394598,False,4
3674,4,4.241623,23.221104,False,4
3675,4,2.6401105,24.767195,False,4
3676,9,1.9160979,30.237165,False,9
3678,4,-4.067867,27.710884,False,4
3679,4,-2.385722,26.297981,False,4
3680,4,-0.911045,27.213438,False,4
3681,4,1.1662345,28.09742,False,4
3683,4,-2.8412545,26.60334,False,4
3684,4,-1.7331377,27.114658,False,4
3685,4,2.1705604,28.06733,False,4
3686,9,3.0436273,29.583076,False,9
3692,4,2.1777503,22.304987,False,4
3726,4,-5.8649583,24.985693,False,4
3727,4,-5.558829,25.433395,False,4
3729,4,-10.75015,25.485222,False,4
3730,4,-10.975635,26.739128,False,4
3731,4,-11.661904,27.46693,False,4
3732,4,-11.299093,26.58952,False,4
3733,4,-10.590876,27.89142,False,4
3734,4,-11.589877,27.86464,False,4
3735,4,-10.373942,26.121344,False,4
3736,4,-10.769961,25.054947,False,4
3737,4,-12.569851,28.923464,False,4
3753,4,-2.733691,21.507593,False,4
3758,4,-2.84732,24.276945,False,4
3760,4,-3.2177393,22.573345,False,4
3761,4,-3.1688125,23.361015,False,4
3762,4,-2.3358357,23.307428,False,4
3776,4,2.255256,23.02711,False,4
3783,4,-3.6498291,21.345345,False,4
3788,4,-4.471729,20.688562,False,4
3792,4,-3.8353453,22.639204,False,4
3798,4,-3.5665023,23.494396,False,4
3799,4,-2.04299,22.981146,False,4
3800,4,-5.0716486,21.111662,False,4
3801,4,-4.925305,23.520193,False,4
3805,4,-4.2038937,21.407028,False,4
3808,4,3.0033321,23.748466,False,4
3809,4,4.4803996,26.072077,False,4
3810,4,0.7529202,26.897339,False,4
3811,4,3.0722692,25.991346,False,4
3812,4,1.6464149,25.635384,False,4
3813,4,1.7615036,23.980803,False,4
3814,4,4.1815033,24.447538,False,4
3817,4,2.813214,25.196781,False,4
3818,4,-2.9698796,25.912498,False,4
3819,4,0.53842103,25.217665,False,4
3820,4,2.0487325,29.83927,False,4
3821,4,4.072055,28.410357,False,4
3822,9,3.6825616,29.963108,False,9
3823,4,1.1514955,29.645733,False,4
3824,4,0.5287949,24.20294,False,4
3825,4,-4.2469425,27.507193,False,4
3826,4,-2.5114417,25.672195,False,4
3827,4,-3.7727299,26.126734,False,4
3828,4,0.2965633,28.426846,False,4
3829,4,-0.78118646,26.800917,False,4
3830,4,1.5311847,28.861197,False,4
3831,4,3.5124662,27.901686,False,4
3832,4,-0.753536,24.358618,False,4
3833,4,-3.1528928,26.540434,False,4
3834,4,2.9928737,26.823,False,4
3835,4,-1.6759101,26.287218,False,4
3836,4,2.6675081,27.648926,False,4
3837,4,-2.7037694,27.4872,False,4
3838,4,-0.5481015,25.572031,False,4
3839,4,-1.1185627,28.163567,False,4
3840,4,2.0974696,27.803652,False,4
3841,4,2.7303753,29.13434,False,4
3842,4,0.8298334,23.146666,False,4
3848,4,-6.1164374,23.595879,False,4
3849,4,-6.4154344,20.81945,False,4
3850,4,-6.0240884,22.953983,False,4
3851,4,-5.6297364,23.348831,False,4
3852,4,-5.9655766,23.17809,False,4
3853,4,-5.9407234,24.087877,False,4
3854,4,-6.660423,20.866718,False,4
3855,4,-6.052041,23.881752,False,4
3856,4,-6.757215,21.670351,False,4
3857,4,-7.161412,21.75745,False,4
3858,4,-5.975268,23.557856,False,4
3859,4,-5.6586266,23.873919,False,4
3860,4,-6.2747536,23.309772,False,4
3861,4,-6.384348,23.668594,False,4
3862,4,-4.0499644,27.186893,False,4
3863,4,-4.086106,26.734037,False,4
3864,4,-3.6614718,26.776987,False,4
3865,4,-3.7502093,27.636171,False,4
3866,4,-6.98663,23.476582,False,4
3867,4,-6.4965324,24.537664,False,4
3868,4,-6.33884,23.959614,False,4
3869,4,-7.0125527,22.055212,False,4
3870,4,-7.3672314,23.611244,False,4
3871,4,-7.3787465,22.574492,False,4
3872,4,-6.7211857,24.25955,False,4
3873,4,-8.675818,26.191961,False,4
3874,4,-8.009561,26.801098,False,4
3875,4,-7.4789634,26.968294,False,4
3878,4,-3.4606736,21.336721,False,4
3879,4,-4.7803545,22.301079,False,4
3880,4,-4.7333865,22.838684,False,4
3881,4,-5.1224694,20.343843,False,4
3882,4,-6.170825,20.123827,False,4
3883,4,-3.4846008,24.34565,False,4
3884,4,-3.922684,22.631308,False,4
3885,4,-3.7668438,23.496851,False,4
3886,4,-4.6051116,23.897911,False,4
3887,4,-4.851242,23.526373,False,4
3888,4,-4.3668513,21.968546,False,4
3889,4,-4.668282,27.828691,False,4
3890,4,-4.6313505,26.337915,False,4
3891,4,-4.0720754,25.440767,False,4
3894,4,-2.50022,28.8448,False,4
3895,4,-2.0026016,29.09004,False,4
3896,4,-2.4297967,28.637457,False,4
3897,4,-2.0691202,28.766424,False,4
3898,4,-3.1687567,28.578938,False,4
3899,4,-2.7257063,28.677755,False,4
3900,4,-4.1051064,28.428144,False,4
3901,4,-2.0326421,28.482145,False,4
3902,4,-0.23382044,29.102856,False,4
3903,4,-1.4043285,28.822092,False,4
3904,4,-3.4382782,28.227453,False,4
3905,4,0.12518893,29.422388,False,4
3906,4,-1.0222781,29.119326,False,4
3907,4,-2.638952,28.133553,False,4
3908,9,3.0665364,30.533026,False,9
3909,9,1.9673419,30.367378,False,9
3910,9,2.9992514,30.047083,False,9
3911,9,1.2831732,30.077559,False,9
3912,9,2.3813236,30.674868,False,9
3913,4,0.5070054,29.565912,False,4
3914,9,2.5580297,29.957739,False,9
3927,4,-4.35552,29.040176,False,4
3928,4,-3.2209668,29.011475,False,4
3929,4,2.9896564,23.969604,False,4
3930,4,3.732825,26.121315,False,4
3931,4,3.548298,25.566586,False,4
3932,4,1.4025671,24.915098,False,4
3933,4,1.4885398,23.555489,False,4
3934,4,3.8090937,23.519386,False,4
3935,4,2.9486794,24.922766,False,4
3936,4,0.45541713,25.164392,False,4
3937,9,1.6678358,30.714804,False,9
3938,9,1.3143888,30.416122,False,9
3939,4,0.54812926,24.21212,False,4
3940,4,-2.4945521,25.09598,False,4
3941,4,-3.4997363,24.904556,False,4
3942,4,-4.008367,24.901064,False,4
3943,4,-4.8484592,24.978456,False,4
3944,4,-4.5500245,24.931486,False,4
3945,9,2.0037956,31.106863,False,9
3946,4,-0.85377365,24.578077,False,4
3947,4,3.7032068,26.809,False,4
3948,4,-0.5461387,25.396955,False,4
3949,4,1.9406592,22.802965,False,4
3955,4,-10.543431,23.232813,False,4
3956,4,-9.37243,24.795269,False,4
3957,4,-8.6872,23.881691,False,4
3958,4,-8.411865,22.798208,False,4
3959,4,-9.445149,23.027262,False,4
3960,4,-9.370738,25.934511,False,4
3961,4,-6.254097,26.891947,False,4
3962,4,-7.081498,25.589645,False,4
3963,4,-6.038743,28.776192,False,4
3964,4,-8.148636,25.052588,False,4
3965,4,-7.818588,24.170885,False,4
3966,4,-9.850687,28.11352,False,4
3967,4,-5.3679924,26.848564,False,4
3968,4,-9.906133,26.170807,False,4
3969,4,-7.73489,27.008186,False,4
3970,4,-7.1992564,27.597477,False,4
3971,4,-9.202721,27.193901,False,4
3972,4,-7.565775,29.476326,False,4
3973,4,-5.731306,27.934711,False,4
3974,4,-8.56736,28.489119,False,4
3975,4,-5.894537,22.469246,False,4
3976,4,-3.873139,21.006021,False,4
3977,4,-5.3927464,22.254345,False,4
3978,4,-6.398928,22.769861,False,4
3979,4,-5.290958,22.901114,False,4
3980,4,-5.0343256,20.753046,False,4
3981,4,-6.0847464,24.665102,False,4
3982,4,-6.7025986,23.227026,False,4
3983,4,-5.9201097,20.935658,False,4
3984,4,-3.8148797,24.628145,False,4
3985,4,-6.3299212,22.04229,False,4
3986,4,-4.7061653,24.407446,False,4
3987,4,-5.661304,21.375944,False,4
3988,4,-6.797786,23.402002,False,4
3989,4,-6.797013,22.48708,False,4
3990,4,-5.3381286,23.664602,False,4
3991,4,-6.4992256,23.256533,False,4
3992,4,-4.6957374,21.39768,False,4
3993,4,-6.635361,23.591951,False,4
3994,4,-5.764528,29.344122,False,4
3995,4,-9.84488,28.53202,False,4
3996,4,-7.3179107,30.1085,False,4
3997,4,-8.97698,28.58253,False,4
3998,4,-1.5013202,29.12629,False,4
3999,4,-1.0782359,29.396986,False,4
4000,3,-15.697979,32.594166,False,3
4001,3,-15.107727,32.876633,False,3
4002,3,-15.356632,33.216,False,3
4003,3,-15.812782,31.133814,False,3
4004,3,-15.309314,32.14641,False,3
4005,3,-15.493604,30.98903,False,3
4006,3,-17.861444,35.024323,False,3
4007,3,-17.358059,34.636204,False,3
4008,3,-19.128023,33.45589,False,3
4009,3,-19.151808,33.80429,False,3
4010,3,-18.614603,34.2168,False,3
4011,3,-19.367155,33.536617,False,3
4012,3,-17.91128,33.788998,False,3
4013,3,-17.858755,34.48447,False,3
4014,3,-19.33533,34.133896,False,3
4015,3,-18.856934,33.562984,False,3
4016,3,-16.14475,32.473675,False,3
4017,3,-16.58707,33.1322,False,3
4018,3,-17.105381,34.62537,False,3
4019,3,-15.659334,33.47459,False,3
4020,3,-16.13972,33.566784,False,3
4021,3,-16.598526,34.518967,False,3
4022,3,-16.973293,33.53805,False,3
4023,3,-16.05151,31.741945,False,3
4024,3,-16.058104,33.17658,False,3
4025,3,-16.088964,33.950058,False,3
4026,3,-16.964458,34.10472,False,3
4027,3,-20.369446,33.883183,False,3
4028,3,-20.912502,34.522247,False,3
4029,3,-21.043373,33.270634,False,3
4030,3,-18.52926,35.221947,False,3
4031,3,-19.084873,35.05836,False,3
4032,3,-20.04017,34.372116,False,3
4033,3,-17.546354,34.95816,False,3
4034,15,-19.716837,34.932777,False,15
4035,3,-19.493546,34.828007,False,3
4036,3,-18.426046,35.74052,False,3
4037,3,-19.334393,34.409035,False,3
4038,15,-12.305028,34.99231,False,15
4039,15,-13.300556,34.914783,False,15
4040,15,-14.331417,35.73118,False,15
4041,15,-15.00399,36.07626,False,15
4042,3,-24.38843,33.566505,False,3
4043,3,-22.761974,31.7861,False,3
4044,3,-24.519943,32.96207,False,3
4045,3,-24.251078,33.096516,False,3
4046,3,-23.697168,32.606228,False,3
4047,3,-24.351408,33.93848,False,3
4048,3,-22.794127,32.070213,False,3
4049,3,-24.037666,32.232456,False,3
4050,3,-17.994331,33.22204,False,3
4051,3,-18.826067,32.99228,False,3
4052,3,-20.513712,32.943226,False,3
4053,3,-19.671757,33.262962,False,3
4054,3,-18.840847,33.26491,False,3
4055,15,-16.167439,39.86305,False,15
4056,15,-18.53838,36.403694,False,15
4057,15,-13.42344,40.38159,False,15
4058,15,-13.018658,40.531193,False,15
4059,15,-17.861368,36.91534,False,15
4060,15,-12.325143,40.594303,False,15
4061,15,-15.0513115,40.617676,False,15
4062,15,-18.05653,36.80333,False,15
4063,15,-16.48286,39.590202,False,15
4064,15,-15.773422,40.17785,False,15
4065,15,-12.020235,40.382824,False,15
4066,15,-17.360714,37.51417,False,15
4067,15,-13.259426,40.443375,False,15
4068,15,-14.001538,40.473713,False,15
4069,15,-11.405041,40.2374,False,15
4070,15,-17.224655,37.89505,False,15
4071,15,-15.5678005,40.3089,False,15
4072,15,-16.660604,39.258556,False,15
4073,15,-15.057019,40.567364,False,15
4074,15,-14.526372,40.580677,False,15
4075,15,-14.537445,40.72093,False,15
4076,15,-17.591171,37.223244,False,15
4077,15,-10.851074,40.380928,False,15
4078,15,-16.95063,38.591595,False,15
4079,15,-12.886029,40.401295,False,15
4080,15,-17.805073,37.04737,False,15
4081,15,-12.574278,40.415627,False,15
4082,15,-15.98469,39.716087,False,15
4083,15,-13.37613,40.187546,False,15
4084,15,-13.601379,40.187813,False,15
4085,15,-16.135534,38.291447,False,15
4086,15,-16.287048,39.41829,False,15
4087,15,-15.630758,39.943256,False,15
4088,15,-12.049063,40.130554,False,15
4089,15,-13.170815,40.262383,False,15
4090,15,-13.903498,40.24825,False,15
4091,15,-16.884716,37.680374,False,15
4092,15,-15.321592,40.055973,False,15
4093,15,-15.800603,39.31922,False,15
4094,15,-16.215815,39.12628,False,15
4095,15,-14.641514,40.247753,False,15
4096,15,-15.079921,40.358555,False,15
4097,15,-11.79995,40.03179,False,15
4098,15,-14.584669,40.428062,False,15
4099,15,-14.340047,40.189945,False,15
4100,15,-16.555622,38.502903,False,15
4101,15,-12.914134,40.18374,False,15
4102,15,-12.573577,40.203953,False,15
4103,15,-11.508363,39.990814,False,15
4104,15,-11.601611,39.295383,False,15
4105,15,-11.846979,39.7712,False,15
4106,15,-11.160749,39.775394,False,15
4107,15,-10.918262,40.10855,False,15
4108,15,-15.222767,39.34617,False,15
4109,15,-12.971336,39.7735,False,15
4110,15,-13.4787035,39.619526,False,15
4111,15,-15.103445,39.262638,False,15
4112,15,-13.949299,39.734486,False,15
4113,15,-12.178756,39.91435,False,15
4114,15,-15.283069,39.646366,False,15
4115,15,-12.466651,39.623684,False,15
4116,15,-15.5317,39.059265,False,15
4117,15,-14.876083,40.073467,False,15
4118,15,-12.889548,38.96072,False,15
4119,15,-14.683809,39.53349,False,15
4120,15,-14.336483,39.809906,False,15
4121,15,-15.10688,39.075333,False,15
4122,15,-12.689565,37.729046,False,15
4123,15,-12.235497,36.406418,False,15
4124,15,-11.959056,37.565166,False,15
4125,15,-12.418254,38.609425,False,15
4126,15,-11.558358,38.681114,False,15
4127,15,-11.974967,35.63917,False,15
4128,15,-15.65046,37.663536,False,15
4129,15,-13.465205,38.406803,False,15
4130,15,-14.749002,36.544495,False,15
4131,15,-17.082756,36.134354,False,15
4132,15,-15.659619,38.325844,False,15
4133,15,-15.350357,36.947147,False,15
4134,15,-16.004755,37.310043,False,15
4135,15,-14.437612,38.126453,False,15
4136,15,-16.30674,36.653244,False,15
4137,15,-14.799394,37.390198,False,15
4138,15,-13.478167,37.81916,False,15
4139,15,-13.903223,37.040215,False,15
4140,15,-14.477423,38.91565,False,15
4141,15,-14.323712,36.862408,False,15
4142,15,-16.854408,36.863075,False,15
4143,15,-13.209387,39.008297,False,15
4144,15,-17.279327,35.62518,False,15
4145,15,-16.373146,37.63465,False,15
4146,15,-15.401838,38.660854,False,15
4147,3,-17.224457,35.11061,False,3
4148,15,-15.856437,36.806744,False,15
4149,15,-13.744826,38.894238,False,15
4150,15,-13.988405,37.90329,False,15
4151,15,-15.020039,38.867393,False,15
4152,15,-15.007973,38.195583,False,15
4153,15,-13.6027565,35.13164,False,15
4154,15,-16.2904,35.821735,False,15
4155,15,-15.669762,36.202126,False,15
4156,3,-16.710964,35.5313,False,3
4157,15,-13.8903,35.43732,False,15
4158,15,-13.298314,35.246655,False,15
4159,15,-13.368458,35.409855,False,15
4160,15,-13.321834,36.37334,False,15
4161,15,-14.147815,35.980564,False,15
4162,15,-13.146018,37.196114,False,15
4163,15,-12.825789,35.812176,False,15
4164,15,-13.747279,35.725742,False,15
4165,15,-12.860622,35.293785,False,15
4166,15,-18.235083,36.40241,False,15
4167,15,-17.220255,37.221725,False,15
4168,15,-17.829311,36.139877,False,15
4169,15,-17.430935,37.001766,False,15
4170,15,-17.57296,36.67366,False,15
4171,3,-23.97533,35.082844,False,3
4172,3,-24.425592,34.695988,False,3
4173,3,-23.167646,35.228447,False,3
4174,3,-23.549278,35.196007,False,3
4175,3,-24.655474,34.54676,False,3
4176,3,-23.886953,35.46781,False,3
4177,3,-21.185028,35.00966,False,3
4178,3,-23.989569,35.200947,False,3
4179,3,-24.377195,35.06356,False,3
4180,3,-21.620525,35.165287,False,3
4181,3,-24.163685,35.27099,False,3
4182,3,-23.061304,35.41252,False,3
4183,3,-23.882149,35.309303,False,3
4184,3,-23.60848,35.314068,False,3
4185,3,-22.278576,35.337257,False,3
4186,3,-24.643974,34.86893,False,3
4187,3,-25.05257,33.13372,False,3
4188,3,-25.893639,32.386192,False,3
4189,3,-24.751144,33.687023,False,3
4190,3,-24.901186,33.878628,False,3
4191,3,-25.835358,32.494743,False,3
4192,3,-25.961708,32.624653,False,3
4193,3,-25.049747,33.658066,False,3
4194,3,-25.014683,33.433746,False,3
4195,3,-24.7077,34.17063,False,3
4196,3,-25.310379,32.825294,False,3
4197,3,-25.658016,32.711575,False,3
4198,3,-26.486338,32.64978,False,3
4199,3,-26.083885,32.340687,False,3
4200,3,-24.68807,32.93529,False,3
4201,3,-24.702587,32.43989,False,3
4202,3,-26.660557,32.282997,False,3
4203,3,-25.348576,32.257065,False,3
4204,3,-26.062738,32.163445,False,3
4205,3,-21.34902,34.602013,False,3
4206,3,-21.789587,34.767982,False,3
4207,3,-22.710604,34.842735,False,3
4208,3,-23.402607,34.98846,False,3
4209,3,-22.318073,34.97569,False,3
4210,3,-23.93978,33.689636,False,3
4211,3,-22.729563,31.925388,False,3
4212,3,-22.912487,33.24927,False,3
4213,3,-23.056068,34.306004,False,3
4214,3,-23.833504,33.219517,False,3
4215,3,-23.755402,34.954655,False,3
4216,3,-24.400179,34.320023,False,3
4217,3,-23.307253,32.84159,False,3
4218,3,-22.003607,33.801132,False,3
4219,3,-22.61138,32.43641,False,3
4220,3,-21.748068,32.590897,False,3
4221,3,-23.634577,31.901775,False,3
4222,3,-24.015245,34.40117,False,3
4223,15,-14.67357,34.158894,False,15
4224,3,-14.502981,32.81681,False,3
4225,15,-15.343716,33.805176,False,15
4226,15,-14.802263,33.534943,False,15
4227,3,-14.741693,31.93154,False,3
4228,15,-15.595115,34.177822,False,15
4229,15,-15.128265,34.342518,False,15
4230,3,-15.04813,30.89581,False,3
4231,15,-18.316027,36.0972,False,15
4232,15,-17.863958,35.559105,False,15
4233,3,-17.705025,27.43109,False,3
4234,3,-18.11212,26.719107,False,3
4235,3,-16.968903,28.301243,False,3
4236,3,-17.828262,30.861645,False,3
4237,3,-21.986624,30.012058,False,3
4238,3,-22.116167,31.264145,False,3
4239,3,-21.45731,28.987942,False,3
4240,3,-21.159178,27.996462,False,3
4241,3,-21.282238,28.468678,False,3
4242,3,-20.03155,31.591665,False,3
4243,3,-20.230366,31.135384,False,3
4244,3,-20.190184,31.367321,False,3
4245,3,-19.24777,31.485157,False,3
4246,3,-18.97474,31.38149,False,3
4247,3,-19.488672,30.484724,False,3
4248,3,-19.46115,30.93982,False,3
4249,3,-19.21103,29.955154,False,3
4250,3,-16.723164,29.472202,False,3
4251,3,-18.858843,31.784092,False,3
4252,3,-16.893085,28.957779,False,3
4253,3,-17.644705,29.70516,False,3
4254,3,-18.9309,32.023804,False,3
4255,3,-16.51163,31.691374,False,3
4256,3,-18.658012,32.540882,False,3
4257,3,-17.304932,32.243603,False,3
4258,3,-18.089901,32.67764,False,3
4259,3,-16.60159,31.97861,False,3
4260,3,-19.731157,30.179907,False,3
4261,3,-17.327322,31.877922,False,3
4262,3,-17.632069,28.720497,False,3
4263,3,-17.930172,28.62548,False,3
4264,3,-17.410357,28.112003,False,3
4265,3,-17.37697,28.954344,False,3
4266,3,-17.213589,29.266365,False,3
4267,3,-17.208605,28.569603,False,3
4268,3,-17.480314,29.458242,False,3
4269,3,-19.8645,32.798843,False,3
4270,3,-20.18786,32.62548,False,3
4271,3,-19.26659,32.69764,False,3
4272,3,-18.838272,32.622574,False,3
4273,3,-18.325891,32.742626,False,3
4274,3,-19.958347,32.914173,False,3
4275,3,-20.354774,32.562466,False,3
4276,3,-18.556122,32.744,False,3
4277,3,-18.084751,32.905567,False,3
4278,3,-18.463253,27.33106,False,3
4279,3,-19.432442,28.729568,False,3
4280,3,-19.281855,29.408802,False,3
4281,3,-18.946922,29.098047,False,3
4282,3,-18.7733,27.898888,False,3
4283,3,-18.837141,28.648958,False,3
4284,3,-17.838066,32.43197,False,3
4285,3,-17.033405,32.636982,False,3
4286,3,-17.443935,32.53051,False,3
4287,3,-17.660332,32.777924,False,3
4288,3,-16.609316,32.31004,False,3
4289,3,-16.937757,32.145103,False,3
4290,3,-17.167795,31.30348,False,3
4291,3,-16.68119,31.142836,False,3
4292,3,-18.082333,30.320805,False,3
4293,3,-17.86277,31.331198,False,3
4294,3,-16.753935,30.701365,False,3
4295,3,-16.852667,29.676739,False,3
4296,3,-18.570915,31.450186,False,3
4297,3,-17.110542,30.067633,False,3
4298,3,-18.419088,32.083878,False,3
4299,3,-18.268188,31.564793,False,3
4300,3,-17.309069,30.888832,False,3
4301,3,-18.448553,29.966906,False,3
4302,3,-16.68092,31.335615,False,3
4303,3,-18.116547,31.85075,False,3
4304,3,-18.981327,32.300922,False,3
4305,3,-17.58918,32.140373,False,3
4306,3,-18.155094,29.793468,False,3
4307,3,-18.27235,30.89928,False,3
4308,3,-17.257307,31.570757,False,3
4309,3,-17.451475,30.442333,False,3
4310,3,-17.482729,31.32247,False,3
4311,3,-16.510618,31.020569,False,3
4312,3,-18.341051,30.625683,False,3
4313,3,-17.636532,31.35136,False,3
4314,3,-16.608576,30.608976,False,3
4315,3,-16.835411,29.38275,False,3
4316,3,-18.712414,31.663582,False,3
4317,3,-18.37518,32.194073,False,3
4318,3,-18.285727,31.268463,False,3
4319,3,-17.024746,31.105593,False,3
4320,3,-18.685831,30.455694,False,3
4321,3,-16.72399,31.667463,False,3
4322,3,-17.760231,31.818176,False,3
4323,3,-19.167181,32.576405,False,3
4324,3,-18.11033,31.216988,False,3
4325,3,-17.02369,31.563347,False,3
4326,3,-17.741365,30.189924,False,3
4327,3,-21.024458,31.689383,False,3
4328,3,-17.967793,27.444605,False,3
4329,3,-18.233017,26.490583,False,3
4330,3,-17.108725,28.287474,False,3
4331,3,-19.355942,28.169374,False,3
4332,3,-18.8495,27.578249,False,3
4333,3,-19.058084,28.595034,False,3
4334,3,-18.022335,27.849552,False,3
4335,3,-17.76474,29.187271,False,3
4336,3,-18.29232,28.682116,False,3
4337,3,-18.603954,29.403782,False,3
4338,3,-18.471546,27.842068,False,3
4339,3,-17.971172,29.45064,False,3
4340,3,-20.022253,31.773138,False,3
4341,3,-19.503965,31.97033,False,3
4342,3,-19.72909,32.5867,False,3
4343,3,-19.729382,30.574495,False,3
4344,3,-20.804667,30.831974,False,3
4345,3,-19.72622,31.427408,False,3
4346,3,-20.257753,30.923656,False,3
4347,3,-19.385607,32.334938,False,3
4348,3,-19.901114,30.301931,False,3
4349,3,-20.452366,31.448057,False,3
4350,3,-20.255165,30.110954,False,3
4351,3,-20.75919,28.970417,False,3
4352,3,-20.745108,29.41083,False,3
4353,3,-20.4579,28.620861,False,3
4354,3,-20.78833,30.022406,False,3
4355,3,-19.976173,28.875463,False,3
4356,3,-20.372654,28.916712,False,3
4357,3,-17.36276,30.57103,False,3
4358,3,-20.354513,30.463196,False,3
4359,3,-20.340582,30.697453,False,3
4360,3,-20.905329,30.180237,False,3
4361,3,-21.219471,30.585865,False,3
4362,3,-18.854723,30.978834,False,3
4363,3,-19.198452,30.462711,False,3
4364,3,-18.527784,29.173283,False,3
4365,3,-19.501118,31.16711,False,3
4366,3,-19.01523,31.859146,False,3
4367,3,-18.911818,29.76825,False,3
4368,3,-18.56961,30.01003,False,3
4369,3,-18.415335,31.119417,False,3
4370,3,-19.725822,30.116278,False,3
4371,3,-20.320442,30.018894,False,3
4372,3,-16.258799,31.200144,False,3
4373,3,-16.143692,30.554544,False,3
4374,3,-16.33003,31.654747,False,3
4375,3,-18.348883,28.400797,False,3
4376,3,-20.224514,32.0357,False,3
4377,3,-20.755327,32.354767,False,3
4378,3,-21.356619,31.674057,False,3
4379,3,-21.77526,30.103926,False,3
4380,3,-19.795986,28.76577,False,3
4381,3,-20.323254,27.90523,False,3
4382,3,-20.751904,31.700363,False,3
4383,3,-21.172995,29.361917,False,3
4384,3,-19.498472,29.65224,False,3
4385,3,-20.106964,29.403166,False,3
4386,3,-18.56448,27.344553,False,3
4387,3,-20.826271,28.043266,False,3
4388,3,-20.651394,28.506742,False,3
4389,3,-20.542685,29.870197,False,3
4390,3,-21.696802,30.929668,False,3
4391,3,-19.997076,27.971672,False,3
4392,3,-19.840336,28.28619,False,3
4393,3,-20.301111,28.992245,False,3
4394,3,-22.198814,30.004175,False,3
4395,3,-19.952427,31.43565,False,3
4396,3,-17.310587,31.338781,False,3
4397,3,-20.122787,28.55552,False,3
4398,3,-20.505033,27.816248,False,3
4399,3,-18.12553,30.134594,False,3
4400,3,-19.80839,32.85976,False,3
4401,3,-17.360123,30.12946,False,3
4402,3,-20.204319,32.62521,False,3
4403,3,-21.030254,31.67965,False,3
4404,3,-18.015379,31.062754,False,3
4405,3,-17.896498,31.158762,False,3
4406,3,-18.22241,28.940033,False,3
4407,3,-20.93485,29.000874,False,3
4408,3,-19.453728,29.817802,False,3
4409,3,-17.840836,31.049242,False,3
4410,3,-18.340305,29.927872,False,3
4411,3,-16.524534,28.777374,False,3
4412,3,-16.82181,29.69447,False,3
4413,3,-18.978209,29.787653,False,3
4414,3,-17.26947,30.020527,False,3
4415,3,-18.290648,32.053123,False,3
4416,3,-18.20112,31.548292,False,3
4417,3,-20.233984,30.931614,False,3
4418,3,-17.25197,30.992504,False,3
4419,3,-16.776205,31.575527,False,3
4420,3,-18.994404,32.62014,False,3
4421,3,-18.483664,32.85159,False,3
4422,3,-17.417685,32.220257,False,3
4423,3,-17.88701,30.671438,False,3
4424,3,-18.222754,32.741558,False,3
4425,3,-18.539352,32.13119,False,3
4426,3,-16.632023,32.02448,False,3
4427,3,-17.885761,31.228086,False,3
4428,3,-17.28878,31.572054,False,3
4429,3,-19.69472,29.99782,False,3
4430,3,-17.930548,25.830473,False,3
4431,3,-17.348808,30.396671,False,3
4432,3,-20.320822,30.053726,False,3
4433,3,-20.095098,27.401215,False,3
4434,3,-18.236979,26.091385,False,3
4435,3,-19.144312,27.763027,False,3
4436,3,-19.599241,27.38587,False,3
4474,9,-2.4459333,30.450764,False,9
4483,7,-14.256748,34.35213,False,7
4484,7,-15.663221,34.459213,False,7
4485,7,-15.373691,34.587402,False,7
4486,7,-14.835586,34.586784,False,7
4487,7,-10.042597,33.811977,False,7
4488,7,-9.886088,33.41115,False,7
4489,7,-14.223449,34.108612,False,7
4490,7,-13.570022,33.787018,False,7
4491,7,-13.011521,33.48896,False,7
4492,7,-13.983933,33.696648,False,7
4493,7,-13.693446,33.057354,False,7
4494,7,-12.558823,33.769592,False,7
4495,7,-13.29935,33.919643,False,7
4496,7,-15.883848,35.271927,False,7
4497,7,-14.948962,35.677567,False,7
4498,7,-15.886125,35.407085,False,7
4499,7,-15.677362,35.689655,False,7
4500,7,-15.423481,35.507973,False,7
4501,7,-16.196795,34.76727,False,7
4502,7,-16.743042,35.1685,False,7
4503,7,-15.037797,35.05654,False,7
4504,7,-15.579495,34.917526,False,7
4505,7,-15.148759,35.230835,False,7
4506,7,-15.704734,34.55515,False,7
4507,7,-15.528965,34.748726,False,7
4508,7,-15.310989,35.107513,False,7
4509,7,-9.693268,33.552853,False,7
4510,7,-11.779048,33.64126,False,7
4512,7,-10.445675,34.168827,False,7
4513,7,-12.367093,33.80189,False,7
4514,7,-11.6841135,33.99951,False,7
4515,7,-12.338636,33.916607,False,7
4516,7,-10.86807,34.051,False,7
4517,7,-9.747375,33.800175,False,7
4518,7,-12.057197,34.715385,False,7
4519,7,-11.641538,34.165287,False,7
4520,7,-12.80047,34.193985,False,7
4521,7,-10.799654,34.17394,False,7
4522,7,-14.513818,34.988377,False,7
4523,7,-14.299414,34.56693,False,7
4524,7,-15.541644,34.530743,False,7
4525,7,-15.386492,34.684628,False,7
4526,7,-13.22574,34.188217,False,7
4527,7,-14.807554,34.752857,False,7
4528,7,-13.72727,34.335632,False,7
4529,7,-15.807585,34.960117,False,7
4530,7,-15.702601,35.195847,False,7
4531,7,-14.903203,35.489796,False,7
4532,7,-14.40333,35.441124,False,7
4533,7,-15.955915,35.179955,False,7
4534,7,-15.418777,35.267075,False,7
4535,7,-14.234322,34.614136,False,7
4536,7,-14.035509,35.04179,False,7
4537,7,-13.750166,34.483482,False,7
4538,7,-16.054937,35.605587,False,7
4539,7,-16.142395,35.13371,False,7
4540,7,-15.013309,35.057278,False,7
4541,7,-15.791353,35.05014,False,7
4542,7,-16.23291,34.832848,False,7
4544,7,-9.697192,33.26508,False,7
4545,7,-14.382211,34.324116,False,7
4546,7,-13.657373,33.805645,False,7
4547,7,-9.946363,33.91325,False,7
4548,7,-13.035523,33.470844,False,7
4549,7,-13.925047,33.76957,False,7
4550,7,-15.059594,35.2383,False,7
4551,7,-14.258083,35.028023,False,7
4552,7,-13.795467,32.887486,False,7
4553,7,-16.014988,35.4973,False,7
4554,7,-15.594368,34.51961,False,7
4555,7,-11.431962,34.007133,False,7
4556,7,-11.486259,33.991665,False,7
4557,7,-12.9233465,34.288788,False,7
4558,7,-16.924212,35.25549,False,7
4559,7,-14.81428,34.632862,False,7
4560,7,-13.34623,33.918865,False,7
4562,7,-16.027975,35.25189,False,7
4563,7,-15.389972,35.329277,False,7
4564,7,-11.341517,33.528316,False,7
4565,7,-10.947215,33.666397,False,7
4566,13,15.515304,43.638306,False,13
4567,13,16.210075,43.868744,False,13
4568,13,15.742353,51.770973,False,13
4569,13,14.99829,49.976692,False,13
4570,13,14.241424,48.025497,False,13
4571,13,13.7386055,46.450844,False,13
4572,13,14.342967,45.402454,False,13
4573,13,15.9966955,51.01264,False,13
4574,13,15.728251,49.002277,False,13
4575,13,14.715289,46.86595,False,13
4576,13,16.424246,45.171307,False,13
4577,13,16.16636,51.014244,False,13
4578,13,15.816389,48.839115,False,13
4579,13,14.769656,46.642563,False,13
4580,13,16.066507,44.120773,False,13
4581,13,14.735976,44.218956,False,13
4582,13,14.293415,44.31119,False,13
4583,13,15.660176,44.9842,False,13
4584,13,13.364942,46.098,False,13
4585,13,12.830513,44.807217,False,13
4586,13,14.531144,42.994633,False,13
4587,13,14.832903,42.950794,False,13
4588,13,14.759186,42.95776,False,13
4589,13,13.752195,43.00954,False,13
4590,13,15.668575,42.644505,False,13
4591,13,15.77087,51.939793,False,13
4592,13,14.843942,42.90544,False,13
4593,13,13.471705,43.27852,False,13
4594,13,15.267644,42.809933,False,13
4595,13,15.223321,42.62827,False,13
4596,13,14.022492,42.92553,False,13
4597,13,15.014707,42.900536,False,13
4598,13,14.328669,43.038437,False,13
4599,13,12.940071,43.415333,False,13
4600,13,14.605563,49.47143,False,13
4601,13,16.187386,42.72296,False,13
4602,13,15.351784,42.585495,False,13
4603,13,12.682621,43.929066,False,13
4604,13,13.922966,47.896236,False,13
4605,11,12.493261,53.799843,False,11
4606,13,16.65732,45.843933,False,13
4607,13,17.369457,51.947666,False,13
4608,13,17.309711,49.218143,False,13
4609,13,15.671048,45.916706,False,13
4610,13,15.195326,46.641254,False,13
4611,13,17.134089,44.02548,False,13
4612,13,15.462649,44.237774,False,13
4613,13,14.5968075,44.3952,False,13
4614,13,15.417515,45.301277,False,13
4615,13,13.784578,44.63603,False,13
4616,13,14.451738,44.975685,False,13
4617,13,13.48264,44.03261,False,13
4618,13,13.582331,43.99221,False,13
4619,13,13.590894,44.012085,False,13
4620,13,13.672784,44.0199,False,13
4621,13,13.460237,44.240093,False,13
4622,13,13.342735,44.521336,False,13
4623,13,14.820065,45.285645,False,13
4624,13,13.53626,43.997524,False,13
4625,13,13.607938,44.321617,False,13
4626,13,13.532275,44.053772,False,13
4627,13,13.582653,44.039433,False,13
4628,13,13.752266,43.773857,False,13
4629,13,13.794041,43.89296,False,13
4630,13,13.624548,46.320415,False,13
4631,13,15.220121,43.18945,False,13
4632,13,14.722618,43.122253,False,13
4633,13,14.150488,45.7022,False,13
4634,13,14.213814,43.472576,False,13
4635,13,15.657908,42.957294,False,13
4636,13,13.308883,43.771034,False,13
4637,13,15.281838,43.406704,False,13
4638,13,14.84856,43.253513,False,13
4639,13,15.314749,43.181854,False,13
4640,13,13.655688,43.503456,False,13
4641,13,15.4142,43.147556,False,13
4642,13,13.232366,43.77853,False,13
4643,13,13.227236,43.81416,False,13
4644,13,14.757905,43.335243,False,13
4645,13,15.330945,43.10099,False,13
4646,13,15.738183,43.111897,False,13
4647,13,14.39882,43.363083,False,13
4648,13,15.056796,43.30886,False,13
4649,13,13.169361,44.91888,False,13
4650,13,13.46028,43.652306,False,13
4651,13,14.965976,45.098976,False,13
4652,13,13.419556,43.653515,False,13
4653,13,13.937037,47.421654,False,13
4654,13,14.270983,43.370026,False,13
4655,13,13.654562,45.361137,False,13
4656,13,13.8238325,44.936367,False,13
4657,13,15.396732,43.49225,False,13
4658,13,15.74304,43.769474,False,13
4659,13,14.441631,43.863007,False,13
4660,13,14.188374,44.074284,False,13
4661,13,13.673786,45.10327,False,13
4662,13,15.460822,44.78561,False,13
4663,13,14.660372,43.670555,False,13
4664,13,16.891813,43.371872,False,13
4665,13,15.122988,43.875484,False,13
4666,13,14.000969,44.82664,False,13
4667,13,16.48455,44.577175,False,13
4668,13,15.437365,43.75471,False,13
4669,13,14.680213,44.52899,False,13
4670,13,15.947906,43.43544,False,13
4671,13,14.024546,44.363518,False,13
4672,13,15.433142,45.455578,False,13
4673,13,15.361403,44.39962,False,13
4674,13,13.863697,46.044533,False,13
4675,13,15.164049,42.996876,False,13
4676,13,14.6270485,43.095795,False,13
4677,13,14.981249,43.57894,False,13
4678,13,14.816037,43.008606,False,13
4679,13,14.757029,43.006256,False,13
4680,13,14.055999,43.37126,False,13
4681,13,13.820497,43.357807,False,13
4682,13,15.609886,42.86979,False,13
4683,13,13.353682,43.940083,False,13
4684,13,14.687282,43.3733,False,13
4685,13,14.899226,43.15032,False,13
4686,13,13.298694,44.09853,False,13
4687,13,13.478561,43.41911,False,13
4688,13,15.378755,42.91594,False,13
4689,13,15.486274,43.128147,False,13
4690,13,13.146332,43.724026,False,13
4691,13,13.193634,43.980618,False,13
4692,13,13.351734,44.203403,False,13
4693,13,14.105403,43.202717,False,13
4694,13,15.258808,42.964108,False,13
4695,13,15.726947,43.008846,False,13
4696,13,15.036285,43.158024,False,13
4697,13,14.488356,43.27292,False,13
4698,13,13.065496,43.508617,False,13
4699,13,13.375217,44.244717,False,13
4700,13,16.250237,43.101192,False,13
4701,13,13.272764,44.26662,False,13
4702,13,13.94051,43.497143,False,13
4703,13,14.019458,43.94307,False,13
4704,13,13.46798,43.894806,False,13
4705,13,14.038226,43.61537,False,13
4706,13,12.913066,44.16272,False,13
4707,13,13.637897,43.66862,False,13
4708,13,13.352714,43.583874,False,13
4709,13,13.384482,44.1226,False,13
4710,13,14.195481,43.27758,False,13
4711,13,37.140217,67.564384,True,13
4712,13,37.318314,65.7285,True,13
4713,13,37.298126,66.054726,True,13
4714,13,37.194374,67.40785,True,13
4715,13,37.254726,66.79964,True,13
4716,13,34.917076,69.81454,True,13
4717,13,34.79463,67.68432,True,13
4718,13,35.367207,69.50453,True,13
4719,13,34.032425,68.35931,True,13
4720,13,35.235126,69.77042,True,13
4721,13,34.195065,68.26061,True,13
4722,13,34.575756,69.392654,True,13
4723,13,35.317215,68.69316,True,13
4724,13,35.06537,68.73922,True,13
4725,13,34.516167,68.19705,True,13
4726,13,33.64281,68.10903,True,13
4727,13,33.82414,68.35055,True,13
4728,13,35.357178,67.76911,True,13
4729,13,35.42895,69.78342,True,13
4730,13,34.723656,69.51702,True,13
4731,13,33.293266,67.251755,True,13
4732,13,34.38753,67.677734,True,13
4733,13,33.83471,67.76126,True,13
4734,13,35.035522,69.69919,True,13
4735,13,35.222652,69.404236,True,13
4736,13,34.416935,66.95705,True,13
4737,13,35.648174,70.04421,True,13
4738,13,33.697765,68.194984,True,13
4739,13,35.24831,69.485596,True,13
4740,13,35.29687,69.146996,True,13
4741,13,35.117916,67.60983,True,13
4742,13,34.947205,68.42013,True,13
4743,13,34.893394,68.0412,True,13
4744,13,35.207466,68.92151,True,13
4745,13,35.293625,69.30291,True,13
4746,13,34.763176,68.62511,True,13
4747,13,34.794476,69.66915,True,13
4748,13,35.26751,68.323006,True,13
4749,13,34.167614,67.00892,True,13
4750,13,34.953957,66.99248,True,13
4751,13,34.15038,68.58518,True,13
4752,13,34.281246,68.459404,True,13
4753,13,34.521954,68.57305,True,13
4754,13,34.54136,69.05719,True,13
4755,13,34.446133,68.82467,True,13
4756,13,34.328487,68.76348,True,13
4757,13,34.54167,68.93568,True,13
4758,13,33.917202,68.65522,True,13
4759,13,34.923977,69.32913,True,13
4760,13,34.987217,69.14395,True,13
4761,13,33.820427,68.91681,True,13
4762,13,34.675247,69.29191,True,13
4763,13,34.848476,69.02291,True,13
4764,13,34.795567,69.01517,True,13
4765,13,34.917515,68.86518,True,13
4766,13,34.748657,69.00299,True,13
4767,13,35.13544,69.343544,True,13
4768,13,35.069466,69.32216,True,13
4769,13,35.121365,69.18801,True,13
4770,13,34.599674,69.08057,True,13
4771,13,34.76059,69.17424,True,13
4772,13,34.212498,69.43227,True,13
4773,13,35.1036,69.46738,True,13
4774,13,34.808693,69.41301,True,13
4775,13,35.008995,69.41126,True,13
4776,13,34.724907,69.12131,True,13
4777,13,34.157463,69.39753,True,13
4778,13,35.05463,69.57377,True,13
4779,13,33.83197,69.06964,True,13
4780,13,34.848595,69.17383,True,13
4781,13,35.154846,69.17159,True,13
4782,13,35.06056,69.267166,True,13
4783,13,34.675816,69.02805,True,13
4784,13,35.05602,69.0071,True,13
4785,13,34.886024,70.43078,True,13
4786,13,34.902084,70.119156,True,13
4787,13,34.920017,70.7236,True,13
4788,13,34.710423,70.58688,True,13
4789,13,34.98287,70.90981,True,13
4790,13,35.03565,69.99918,True,13
4791,13,35.214745,70.3674,True,13
4792,13,35.22927,71.32908,True,13
4793,13,35.48329,71.31338,True,13
4794,13,35.07593,70.477394,True,13
4795,13,35.378704,70.79082,True,13
4796,13,35.109203,71.17792,True,13
4797,13,35.103794,70.71665,True,13
4798,13,35.025833,71.083435,True,13
4799,13,35.19693,71.01239,True,13
4800,13,35.061806,71.37174,True,13
4801,13,35.001614,71.450775,True,13
4802,13,34.097683,70.953384,True,13
4803,13,34.49124,70.94775,True,13
4804,13,35.36924,71.53461,True,13
4805,13,34.59244,70.965744,True,13
4806,13,34.33105,71.03969,True,13
4807,13,34.860268,71.247406,True,13
4808,13,34.192154,71.039635,True,13
4809,13,35.18969,71.54432,True,13
4810,13,34.70969,71.08814,True,13
4811,13,34.978844,71.26219,True,13
4812,13,33.61905,69.17461,True,13
4813,13,32.67595,68.494644,True,13
4814,13,33.28662,68.88106,True,13
4815,13,33.211647,68.74734,True,13
4816,13,32.90309,68.64239,True,13
4817,13,33.057354,68.63438,True,13
4818,13,32.86799,68.458435,True,13
4819,13,33.419437,69.03423,True,13
4820,13,34.77759,70.39948,True,13
4821,13,34.77605,70.0557,True,13
4822,13,34.873486,71.12999,True,13
4823,13,33.54234,70.04408,True,13
4824,13,34.42098,70.516716,True,13
4825,13,34.742214,70.86749,True,13
4826,13,34.897095,70.93182,True,13
4827,13,34.43099,70.825874,True,13
4828,13,33.231773,69.936806,True,13
4829,13,34.426903,70.45503,True,13
4830,13,33.60646,69.952866,True,13
4831,13,34.445087,70.65628,True,13
4832,13,34.61616,70.883736,True,13
4833,13,33.34542,70.00941,True,13
4834,13,34.426167,70.01595,True,13
4835,13,34.556763,70.64014,True,13
4836,13,34.320324,70.91465,True,13
4837,13,33.326317,69.79568,True,13
4838,13,34.866493,71.17978,True,13
4839,13,34.653236,70.09105,True,13
4840,13,34.251156,70.89046,True,13
4841,13,33.383038,69.6773,True,13
4842,13,34.802494,71.00687,True,13
4843,13,34.69481,70.733315,True,13
4844,13,34.54058,70.22367,True,13
4845,13,33.500122,69.93884,True,13
4846,13,34.446674,69.85602,True,13
4847,13,33.218086,69.74332,True,13
4848,13,33.3989,70.15201,True,13
4849,13,34.93041,71.08643,True,13
4850,13,34.021973,70.65981,True,13
4851,13,33.760532,69.32232,True,13
4852,13,34.1062,69.6264,True,13
4853,13,32.853725,69.40573,True,13
4854,13,34.001682,70.46731,True,13
4855,13,33.55959,69.334526,True,13
4856,13,32.966778,69.40964,True,13
4857,13,34.279316,69.75635,True,13
4858,13,33.97678,69.67554,True,13
4859,13,34.125378,70.063614,True,13
4860,13,33.82019,69.62133,True,13
4861,13,34.04956,70.81977,True,13
4862,13,33.205956,69.243126,True,13
4863,13,34.01858,70.28785,True,13
4864,13,33.72177,69.46883,True,13
4865,13,33.315147,69.53173,True,13
4866,13,33.455917,69.36457,True,13
4867,13,34.14479,69.94879,True,13
4868,13,33.15717,69.49108,True,13
4869,13,33.392754,69.41204,True,13
4870,13,33.164536,69.328865,True,13
4871,13,34.11963,70.66288,True,13
4872,13,34.302593,70.72489,True,13
4873,13,33.793533,69.79673,True,13
4874,13,34.30078,70.37082,True,13
4875,13,33.778038,69.92373,True,13
4876,13,34.135967,70.44795,True,13
4877,13,33.14902,69.92808,True,13
4878,13,33.628017,70.08517,True,13
4879,13,33.637894,69.8072,True,13
4880,13,33.236603,70.1139,True,13
4881,13,34.267376,70.12953,True,13
4882,13,34.168087,70.60432,True,13
4883,13,34.200436,70.91676,True,13
4884,13,33.558285,69.67888,True,13
4885,13,34.13723,70.29381,True,13
4886,13,33.50521,69.65014,True,13
4887,13,34.265224,70.55112,True,13
4888,13,34.248894,70.00681,True,13
4889,13,34.202496,70.809944,True,13
4890,13,34.39815,70.27085,True,13
4891,13,33.123894,69.6843,True,13
4892,13,33.36737,70.24395,True,13
4893,13,30.222404,62.2742,True,13
4894,13,30.18229,63.260014,True,13
4895,13,30.74912,64.13812,True,13
4896,13,32.14711,65.07329,True,13
4897,13,31.446596,64.51959,True,13
4898,13,31.617605,64.74998,True,13
4899,13,31.586311,64.14678,True,13
4900,13,31.83988,64.61439,True,13
4901,13,31.35181,64.2281,True,13
4902,13,30.633608,63.50295,True,13
4903,13,32.069176,64.9171,True,13
4904,13,34.47394,69.322395,True,13
4905,13,33.932636,68.89177,True,13
4906,13,34.382484,69.06978,True,13
4907,13,34.51301,69.14812,True,13
4908,13,34.38947,69.434204,True,13
4909,13,33.694992,68.894264,True,13
4910,13,33.992485,69.284904,True,13
4911,13,34.209564,69.158424,True,13
4912,13,34.368034,69.216385,True,13
4913,13,33.99503,69.050316,True,13
4914,13,34.534637,69.693436,True,13
4915,13,36.521812,68.82588,True,13
4916,13,35.58463,69.19137,True,13
4917,13,36.373512,68.41453,True,13
4918,13,36.279068,68.72348,True,13
4919,13,36.253292,69.14628,True,13
4920,13,36.662556,68.573875,True,13
4921,13,35.807777,68.45075,True,13
4922,13,37.429245,69.47043,True,13
4923,13,36.97884,69.16997,True,13
4924,13,37.195267,69.50782,True,13
4925,13,35.749172,69.299065,True,13
4926,13,35.621044,68.668495,True,13
4927,13,36.505302,68.27148,True,13
4928,13,37.10718,68.83841,True,13
4929,13,36.662216,69.10852,True,13
4930,13,35.470016,68.968544,True,13
4931,13,37.337242,69.56857,True,13
4932,13,37.02919,69.40649,True,13
4933,13,35.967823,69.29418,True,13
4934,13,36.789375,68.85146,True,13
4935,13,35.996017,69.023415,True,13
4936,13,35.585094,69.55696,True,13
4937,13,36.00692,68.64517,True,13
4938,13,36.884727,68.34792,True,13
4939,13,37.464096,69.65132,True,13
4940,13,37.410583,70.99183,True,13
4941,13,35.774414,71.250465,True,13
4942,13,38.223747,70.91351,True,13
4943,13,38.07602,71.1553,True,13
4944,13,36.13765,69.682686,True,13
4945,13,36.229393,69.57319,True,13
4946,13,36.84105,71.45982,True,13
4947,13,35.904858,69.66607,True,13
4948,13,37.8348,70.39166,True,13
4949,13,37.942314,70.68621,True,13
4950,13,37.42142,70.65602,True,13
4951,13,35.903324,70.72647,True,13
4952,13,35.404472,70.246605,True,13
4953,13,35.579735,70.947876,True,13
4954,13,37.66082,70.668106,True,13
4955,13,38.20792,70.652985,True,13
4956,13,37.622356,71.37673,True,13
4957,13,37.073517,71.17322,True,13
4958,13,36.482513,70.34965,True,13
4959,13,36.76431,70.4023,True,13
4960,13,37.052925,73.33799,True,13
4961,13,36.094692,70.14206,True,13
4962,13,36.43923,70.792915,True,13
4963,13,37.524315,70.379524,True,13
4964,13,36.366104,71.29154,True,13
4965,13,35.844837,64.41481,True,13
4966,13,36.854958,65.28276,True,13
4967,13,36.711193,66.19583,True,13
4968,13,36.811783,66.88798,True,13
4969,13,36.83074,66.62099,True,13
4970,13,36.570732,66.6238,True,13
4971,13,37.072884,66.77989,True,13
4972,13,36.527374,64.93601,True,13
4973,13,36.640614,67.010796,True,13
4974,13,36.728577,66.37914,True,13
4975,13,36.782825,66.08473,True,13
4976,13,37.109768,65.23011,True,13
4977,13,36.815315,67.72821,True,13
4978,13,36.94591,65.602295,True,13
4979,13,36.065517,64.87196,True,13
4980,13,37.055145,66.304955,True,13
4981,13,35.91878,64.77065,True,13
4982,13,36.70287,67.11435,True,13
4983,13,37.052605,65.98584,True,13
4984,13,36.846146,67.18844,True,13
4985,13,35.87382,64.720345,True,13
4986,13,36.792168,64.961205,True,13
4987,13,35.701717,64.23077,True,13
4988,13,37.035152,64.94247,True,13
4989,13,36.335373,65.81614,True,13
4990,13,36.22357,65.77559,True,13
4991,13,36.61768,65.76233,True,13
4992,13,36.275665,64.838486,True,13
4993,13,32.04605,65.199234,True,13
4994,13,32.010094,65.497284,True,13
4995,13,32.396873,66.33739,True,13
4996,13,32.370308,65.71874,True,13
4997,13,31.974384,65.06258,True,13
4998,13,32.086147,66.01065,True,13
4999,13,32.51225,65.62872,True,13
5000,13,36.03415,64.192024,True,13
5001,13,36.206886,68.07244,True,13
5002,13,35.87994,65.448845,True,13
5003,13,36.39554,67.22485,True,13
5004,13,36.395836,66.56893,True,13
5005,13,36.016674,67.296425,True,13
5006,13,36.013176,65.36245,True,13
5007,13,36.541965,65.08316,True,13
5008,13,36.44645,67.61032,True,13
5009,13,35.63401,65.28426,True,13
5010,13,36.324165,67.81003,True,13
5011,13,35.96838,68.09119,True,13
5012,13,36.045094,65.05391,True,13
5013,13,35.59646,65.89919,True,13
5014,13,36.541138,67.373604,True,13
5015,13,36.674297,67.305916,True,13
5016,13,35.8425,65.0238,True,13
5017,13,36.21791,65.37302,True,13
5018,13,35.936905,66.34357,True,13
5019,13,36.25991,66.11935,True,13
5020,13,36.1075,65.70908,True,13
5021,13,36.24578,64.8297,True,13
5022,13,36.334072,66.79705,True,13
5023,13,36.03469,66.23523,True,13
5024,13,35.027897,62.931973,True,13
5025,13,35.61494,64.40972,True,13
5026,13,35.453003,66.59477,True,13
5027,13,36.278885,67.279335,True,13
5028,13,35.12492,65.087074,True,13
5029,13,35.64045,67.262886,True,13
5030,13,35.876648,67.36517,True,13
5031,13,34.89751,65.375145,True,13
5032,13,35.727108,63.778225,True,13
5033,13,35.928226,66.54342,True,13
5034,13,34.99752,64.233215,True,13
5035,13,35.957214,66.94339,True,13
5036,13,35.186367,66.00984,True,13
5037,13,35.329895,64.89716,True,13
5038,13,35.074104,62.636196,True,13
5039,13,34.97816,62.407604,True,13
5040,13,35.09272,63.268604,True,13
5041,13,35.48423,63.483624,True,13
5042,13,35.505207,64.799484,True,13
5043,13,34.822533,63.584953,True,13
5044,13,34.82739,63.124268,True,13
5045,13,35.558956,64.17867,True,13
5046,13,35.6396,67.81652,True,13
5047,13,35.71064,66.42262,True,13
5048,13,36.190357,66.89894,True,13
5049,13,35.172935,66.59122,True,13
5050,13,35.868713,66.712875,True,13
5051,13,33.0172,65.04895,True,13
5052,13,32.465553,63.710037,True,13
5053,13,32.532654,65.02008,True,13
5054,13,31.983633,63.241993,True,13
5055,13,32.361553,64.77353,True,13
5056,13,32.01214,64.416084,True,13
5057,13,32.62019,64.49236,True,13
5058,13,32.85861,64.29744,True,13
5059,13,32.101482,63.953163,True,13
5060,13,33.516205,67.11325,True,13
5061,13,33.412212,65.47767,True,13
5062,13,32.67577,66.27213,True,13
5063,13,32.99064,66.22409,True,13
5064,13,32.62681,65.49009,True,13
5065,13,33.351933,66.47693,True,13
5066,13,32.34612,65.32812,True,13
5067,13,33.539246,68.0696,True,13
5068,13,33.125977,67.46766,True,13
5069,13,33.214386,65.59922,True,13
5070,13,32.851063,67.17329,True,13
5071,13,33.891853,65.76371,True,13
5072,13,32.980217,66.68535,True,13
5073,13,33.512875,65.763885,True,13
5074,13,33.814182,66.96019,True,13
5075,13,33.76701,66.07142,True,13
5076,13,33.392258,66.02042,True,13
5077,13,33.224815,67.98038,True,13
5078,13,32.94338,65.54021,True,13
5079,13,33.696648,66.489105,True,13
5080,13,32.68481,65.9265,True,13
5081,13,33.413383,68.19595,True,13
5082,13,33.949596,67.08057,True,13
5083,13,32.682796,69.27781,True,13
5084,13,32.58802,68.14692,True,13
5085,13,32.39694,68.948845,True,13
5086,13,32.908207,68.818016,True,13
5087,13,33.053818,69.036,True,13
5088,13,32.753143,69.09337,True,13
5089,13,31.843103,68.08594,True,13
5090,13,31.890179,68.4153,True,13
5091,13,32.958176,69.20479,True,13
5092,13,32.208706,68.30324,True,13
5093,13,31.931217,68.85813,True,13
5094,13,33.08987,69.23482,True,13
5095,13,31.500448,66.71948,True,13
5096,13,31.741241,67.37172,True,13
5097,13,31.45698,67.233604,True,13
5098,13,32.320107,67.895355,True,13
5099,13,32.20222,67.567795,True,13
5100,13,31.93222,67.133606,True,13
5101,13,31.816282,67.73834,True,13
5102,13,32.89336,68.0582,True,13
5103,13,33.304478,68.45244,True,13
5104,13,31.751743,65.636765,True,13
5105,13,32.50635,66.96341,True,13
5106,13,31.589087,66.41406,True,13
5107,13,31.271793,65.78704,True,13
5108,13,32.611908,66.7029,True,13
5109,13,33.47525,68.65628,True,13
5110,13,32.7067,67.66357,True,13
5111,13,33.538166,68.44471,True,13
5112,13,33.06021,68.34303,True,13
5113,13,31.512686,65.708595,True,13
5114,13,33.67697,68.41451,True,13
5115,13,31.576302,64.98319,True,13
5116,13,32.1799,66.50165,True,13
5117,13,32.928005,67.779274,True,13
5118,13,31.072083,65.16453,True,13
5119,13,32.209034,66.991234,True,13
5120,13,32.49103,67.39535,True,13
5121,13,31.236794,66.05509,True,13
5122,13,31.912516,66.51657,True,13
5123,13,33.562843,68.3006,True,13
5124,13,33.6781,68.670105,True,13
5125,13,31.635689,65.35989,True,13
5126,13,30.141424,62.0159,True,13
5127,13,31.100021,62.669315,True,13
5128,13,30.72666,65.724335,True,13
5129,13,29.714169,63.31445,True,13
5130,13,30.117048,64.31717,True,13
5131,13,31.542336,62.923,True,13
5132,13,31.574696,63.659798,True,13
5133,13,30.98489,63.487164,True,13
5134,13,30.123962,65.17532,True,13
5135,13,30.170483,66.038605,True,13
5136,13,30.891806,66.1453,True,13
5137,13,30.784681,62.00427,True,13
5138,13,37.06317,70.430664,True,13
5139,13,37.023354,70.89196,True,13
5140,13,36.85243,69.41329,True,13
5141,13,36.60392,69.35248,True,13
5142,13,37.44367,69.88228,True,13
5143,13,36.489857,69.576416,True,13
5144,13,36.878025,70.452446,True,13
5145,13,37.21418,70.6141,True,13
5146,13,36.47048,69.95485,True,13
5147,13,36.898457,69.60012,True,13
5148,13,36.38062,69.3632,True,13
5149,13,36.75102,71.31118,True,13
5150,13,36.739525,70.9066,True,13
5151,13,36.788925,69.90897,True,13
5152,13,36.771492,70.13428,True,13
5153,13,36.935577,70.727264,True,13
5154,13,36.454315,69.71749,True,13
5155,13,37.103283,69.8168,True,13
5156,13,37.3352,70.13662,True,13
5157,13,36.733147,69.58785,True,13
5158,13,36.763737,71.14141,True,13
5159,13,37.311646,70.372154,True,13
5160,13,34.076096,66.3208,True,13
5161,13,34.59006,65.7776,True,13
5162,13,34.113663,64.88535,True,13
5163,13,34.411858,65.23144,True,13
5164,13,32.721336,63.488514,True,13
5165,13,34.594654,66.27813,True,13
5166,13,33.07426,64.31893,True,13
5167,13,34.45333,66.621574,True,13
5168,13,33.64281,65.1172,True,13
5169,13,33.152065,63.76908,True,13
5170,13,33.597404,63.717762,True,13
5171,13,34.19649,65.917404,True,13
5172,13,34.16139,64.36793,True,13
5173,13,33.510056,64.38239,True,13
5174,13,33.965847,63.77186,True,13
5175,13,34.09717,66.57099,True,13
5176,13,33.662296,60.81068,True,13
5177,13,31.354008,61.934967,True,13
5178,13,34.4606,60.951427,True,13
5179,13,31.33525,61.804962,True,13
5180,13,34.668976,61.112473,True,13
5181,13,35.17754,62.227127,True,13
5182,13,31.499777,61.587986,True,13
5183,13,32.532764,60.987354,True,13
5184,13,33.432064,60.869576,True,13
5185,13,31.099413,66.57177,True,13
5186,13,30.958315,62.04193,True,13
5187,13,34.39087,63.808147,True,13
5188,13,34.15639,61.14296,True,13
5189,13,35.140205,61.63709,True,13
5190,13,34.036186,62.09165,True,13
5191,13,34.362022,62.230972,True,13
5192,13,34.441597,62.16383,True,13
5193,13,34.5095,62.65939,True,13
5194,13,34.78635,61.339813,True,13
5195,13,34.740993,62.634243,True,13
5196,13,34.826828,62.20223,True,13
5197,13,34.366074,63.245907,True,13
5198,13,34.159954,62.745148,True,13
5199,13,34.494724,64.22054,True,13
5200,13,34.222767,63.428516,True,13
5201,13,34.287064,61.822327,True,13
5202,13,33.705776,62.157406,True,13
5203,13,32.697166,61.61757,True,13
5204,13,32.194744,62.877254,True,13
5205,13,32.776222,62.744713,True,13
5206,13,31.675253,62.136013,True,13
5207,13,32.235218,62.20838,True,13
5208,13,33.844936,63.26998,True,13
5209,13,33.74636,60.821938,True,13
5210,13,32.401318,63.121555,True,13
5211,13,32.74992,62.079018,True,13
5212,13,31.774384,62.51771,True,13
5213,13,31.72989,61.33528,True,13
5214,13,33.272423,63.194267,True,13
5215,13,32.50218,62.10238,True,13
5216,13,32.412437,61.328777,True,13
5217,13,32.11034,61.389473,True,13
5218,13,33.192097,61.80899,True,13
5219,13,34.157093,63.60257,True,13
5220,6,14.340645,-6.779032,False,6
5221,6,14.763265,-9.008806,False,6
5222,6,14.995422,-2.3931227,False,6
5223,6,14.423294,-2.7087667,False,6
5224,6,14.3430605,-5.525753,False,6
5225,6,14.871871,-3.9184597,False,6
5226,6,14.768033,-7.463317,False,6
5227,6,14.875776,-9.662319,False,6
5228,6,14.3453665,-6.4711757,False,6
5229,6,14.604802,-5.1643286,False,6
5230,6,15.488919,0.68661493,False,6
5231,6,15.27563,-1.7640419,False,6
5232,6,15.478325,-1.6496779,False,6
5233,6,15.845229,2.477102,False,6
5234,6,15.281755,-6.93143,False,6
5235,6,15.233183,-5.7679663,False,6
5236,6,14.926145,-5.045218,False,6
5237,6,15.325341,-4.760787,False,6
5238,6,13.848641,-7.322121,False,6
5239,6,14.108307,-3.9007323,False,6
5240,6,13.65458,-3.6103952,False,6
5241,6,13.047833,-6.6477613,False,6
5242,6,13.176621,-5.418352,False,6
5243,6,13.841603,-4.5335255,False,6
5244,6,12.964742,-8.3358755,False,6
5245,6,13.867757,-8.183103,False,6
5246,6,13.9233055,-3.1470141,False,6
5247,6,13.161307,-7.365702,False,6
5248,6,13.908907,-5.280907,False,6
5249,6,14.251738,-4.1070833,False,6
5250,6,14.235738,-7.381051,False,6
5251,6,13.419257,-4.897742,False,6
5252,6,13.625357,-6.1998653,False,6
5253,6,13.986544,-5.0615506,False,6
5254,6,13.453382,-4.3343387,False,6
5255,6,14.605155,-3.5297644,False,6
5256,6,16.195662,-3.6188805,False,6
5257,6,15.604861,-3.1853647,False,6
5258,6,16.633577,-3.8458269,False,6
5259,6,15.820193,-4.3753057,False,6
5260,6,16.24335,-3.2923844,False,6
5261,6,14.109726,-4.6084146,False,6
5262,6,15.842061,-3.1466877,False,6
5263,6,16.397987,-3.0952926,False,6
5264,6,14.037066,-4.924388,False,6
5265,6,14.705981,-4.2266474,False,6
5266,6,15.828506,-3.6861238,False,6
5267,6,14.52506,-4.7060537,False,6
5268,6,15.4403305,-4.234981,False,6
5269,6,15.414073,0.5953438,False,6
5270,6,16.945105,-0.84513044,False,6
5271,6,16.213562,-0.00021949035,False,6
5272,6,16.844637,-2.132491,False,6
5273,6,16.703299,-2.768741,False,6
5274,6,19.616356,2.1847548,False,6
5275,6,18.438505,-0.31589007,False,6
5276,6,17.621359,1.4947404,False,6
5277,6,19.187382,-5.172781,False,6
5278,6,18.379929,1.3117388,False,6
5279,6,17.651772,2.9870512,False,6
5280,6,20.009958,0.052831996,False,6
5281,6,18.527111,3.099881,False,6
5282,6,21.487297,-3.3781865,False,6
5283,6,16.049343,0.6570939,False,6
5284,6,17.473417,-0.4030135,False,6
5285,6,16.275614,-3.383354,False,6
5286,6,16.612139,0.36033428,False,6
5287,6,16.529652,-4.4482956,False,6
5288,6,16.250368,-1.7025458,False,6
5289,6,16.792871,2.9124162,False,6
5290,6,15.931384,-4.231596,False,6
5291,6,17.396345,-2.401952,False,6
5292,6,15.5480175,-5.0587583,False,6
5293,6,14.398661,-10.308203,False,6
5294,6,14.446318,-9.315893,False,6
5295,6,14.667093,-11.421651,False,6
5296,6,14.122749,-9.38462,False,6
5297,6,15.225815,-8.482816,False,6
5298,6,15.088975,-9.589711,False,6
5299,6,15.088316,-10.5614805,False,6
5300,6,13.957098,-5.4825773,False,6
5301,6,14.545607,-6.010846,False,6
5302,6,13.728359,-5.8972387,False,6
5303,6,12.910116,-5.8161955,False,6
5304,6,12.384638,-5.557901,False,6
5305,6,12.90172,-4.9882717,False,6
5306,6,12.899918,-4.496429,False,6
5307,6,12.339702,-4.778182,False,6
5308,6,11.33159,-7.365089,False,6
5309,6,12.365323,-6.7714324,False,6
5310,6,10.690712,-5.703972,False,6
5311,6,12.318133,-8.043836,False,6
5312,6,12.862592,-9.333436,False,6
5313,6,10.945269,-6.838583,False,6
5314,6,11.50296,-5.91649,False,6
5315,6,10.561293,-6.0670924,False,6
5316,6,11.9376335,-8.59011,False,6
5317,6,13.869624,-11.724863,False,6
5318,6,12.988585,-11.334137,False,6
5319,6,10.8246155,-6.445882,False,6
5320,6,12.515505,-10.807903,False,6
5321,6,10.960798,-8.098401,False,6
5322,6,12.618335,-7.9481544,False,6
5323,6,16.260485,-0.034062553,False,6
5324,6,12.608642,-7.9655237,False,6
5325,6,14.443375,-11.437579,False,6
5326,10,18.437693,1.401567,False,10
5327,6,12.856276,-7.5712075,False,6
5328,6,14.497984,-4.1486235,False,6
5329,6,13.440949,-6.258109,False,6
5330,6,11.327793,-5.6602182,False,6
5331,6,16.739815,-2.987367,False,6
5332,6,13.592495,-10.615898,False,6
5333,6,13.490823,-9.551971,False,6
5334,6,13.623722,-8.124288,False,6
5335,9,1.7815574,31.480188,False,9
5336,9,1.6181248,31.302567,False,9
5337,9,3.355007,31.756012,False,9
5338,9,2.0296614,31.477343,False,9
5339,9,1.5808475,31.1651,False,9
5340,9,0.88640714,30.44438,False,9
5341,9,1.020391,30.636904,False,9
5342,9,1.262421,30.839033,False,9
5343,9,2.9444094,31.414074,False,9
5344,9,3.5613945,31.876005,False,9
5345,9,1.0118383,30.359116,False,9
5346,9,3.3662963,31.603874,False,9
5347,9,2.9441497,31.90905,False,9
5348,9,2.9541085,32.4011,False,9
5349,9,2.6877313,31.808403,False,9
5350,9,2.7478228,32.242046,False,9
5351,9,2.6835775,31.37242,False,9
5352,9,1.4643618,31.483889,False,9
5353,9,1.7254074,31.998577,False,9
5354,9,1.6561655,31.728,False,9
5355,9,0.20118105,31.61002,False,9
5356,9,0.07927784,30.592436,False,9
5357,9,-0.8405656,30.98191,False,9
5358,9,0.04241853,31.713419,False,9
5359,9,0.23376286,30.700453,False,9
5360,9,0.41032848,31.745516,False,9
5361,9,1.1421951,32.853577,False,9
5362,9,0.04950307,30.806618,False,9
5363,9,0.8735761,32.01435,False,9
5364,9,-0.3496792,30.914885,False,9
5365,9,1.0210513,31.795643,False,9
5366,9,0.32894298,30.959614,False,9
5367,9,-0.9505863,31.51877,False,9
5368,9,1.0123396,32.54266,False,9
5369,9,-0.384449,31.252476,False,9
5370,9,-0.2213047,31.188469,False,9
5371,9,1.1409829,32.122158,False,9
5372,9,1.339483,32.417088,False,9
5373,9,-0.68277866,31.226864,False,9
5374,9,0.0010879862,31.316776,False,9
5375,9,2.579117,33.915913,False,9
5376,9,3.5392954,34.15624,False,9
5377,9,3.676895,33.913197,False,9
5378,9,2.9529827,34.091805,False,9
5379,9,2.647553,34.59609,False,9
5380,9,2.127682,34.595337,False,9
5381,9,1.8965592,34.589817,False,9
5382,9,2.450768,34.285427,False,9
5383,9,0.3660625,33.03207,False,9
5384,9,0.5834746,33.235928,False,9
5385,9,2.1651938,33.41264,False,9
5386,9,2.0079124,33.63802,False,9
5387,9,1.0596678,33.988567,False,9
5388,9,1.3618006,34.12423,False,9
5389,9,0.88535947,33.901188,False,9
5390,9,1.1826171,33.983555,False,9
5391,9,1.9255943,33.18421,False,9
5392,9,1.7872097,33.21637,False,9
5393,9,1.8742187,33.340874,False,9
5394,9,2.2148235,33.743446,False,9
5395,9,1.9235278,34.038475,False,9
5396,9,1.0534426,33.80112,False,9
5397,9,1.4734131,33.961708,False,9
5398,9,1.496347,33.754444,False,9
5399,9,1.2314487,33.675304,False,9
5400,9,1.490718,33.463955,False,9
5401,9,1.7780629,33.60405,False,9
5402,9,1.2878481,34.69341,False,9
5403,9,1.4546015,34.318768,False,9
5404,9,1.3335185,34.44483,False,9
5405,9,1.4517679,34.57081,False,9
5406,9,0.6686393,33.75067,False,9
5407,9,0.92833734,34.05162,False,16
5408,9,0.77475417,33.7401,False,16
5409,9,1.4562353,31.289057,False,9
5410,9,1.0127397,30.872143,False,9
5411,9,1.0803257,31.254345,False,9
5412,9,0.89548254,31.03003,False,9
5413,9,1.2965606,31.113426,False,9
5414,9,1.2441523,31.497265,False,9
5415,9,0.17911044,33.288456,False,9
5416,9,-0.37109575,32.285202,False,9
5417,9,-0.05686975,32.751266,False,9
5418,9,0.013608831,33.779003,False,9
5419,9,2.463849,34.813374,False,16
5420,9,1.8435714,34.75947,False,16
5421,9,1.9620497,32.146072,False,16
5422,9,2.4328547,32.477245,False,9
5423,9,0.76151097,32.91365,False,9
5424,9,0.6938753,32.68962,False,9
5425,9,-0.5053538,31.763659,False,9
5426,9,0.053049427,29.877802,False,9
5427,9,1.6265304,32.632183,False,9
5428,9,1.7737411,32.298367,False,9
5429,9,0.3353502,33.73862,False,9
5430,9,0.24508183,33.068977,False,9
5431,9,2.0550501,31.40219,False,9
5432,9,0.26132408,33.967052,False,9
5433,9,1.3220781,33.08404,False,9
5434,9,1.8500023,33.006058,False,9
5435,9,1.6249149,31.167526,False,9
5436,9,0.47353068,33.22677,False,9
5437,9,1.6370499,33.110603,False,9
5438,9,1.0432128,30.604967,False,9
5439,9,1.7018301,33.332314,False,9
5440,9,-0.15841636,31.920902,False,9
5441,9,0.2787896,32.634228,False,9
5442,9,0.96921617,32.99349,False,9
5443,9,1.1524754,32.89737,False,9
5444,9,1.3129063,30.813732,False,9
5445,9,2.0478182,32.15984,False,9
5446,9,1.8225092,32.764347,False,9
5447,9,-0.8470843,31.730133,False,9
5448,9,-0.42268476,31.888636,False,9
5449,9,2.2697227,31.640965,False,9
5450,9,0.33842254,33.474743,False,9
5451,9,-0.03616451,32.093533,False,9
5452,9,0.17950302,32.748215,False,9
5453,9,1.5242175,32.44674,False,9
5454,9,0.228824,33.800117,False,9
5455,9,1.0220206,30.527136,False,9
5456,9,2.3241618,31.77114,False,9
5457,9,2.188896,32.317356,False,9
5458,9,1.5000141,33.258625,False,9
5459,9,1.7156869,33.464233,False,9
5460,9,0.092692405,32.434635,False,9
5461,9,2.2767515,33.240128,False,9
5462,9,1.6506073,32.80319,False,9
5463,9,1.8987665,32.45734,False,9
5464,9,1.9600186,33.078743,False,9
5465,9,1.7068408,33.0719,False,9
5466,9,2.2726421,32.78099,False,9
5467,9,1.9547627,32.726444,False,9
5468,9,2.2169092,32.98695,False,9
5469,9,2.4795892,33.362392,False,9
5470,9,2.3019304,32.54561,False,9
5471,9,0.2965806,32.97794,False,9
5472,9,-0.12970583,31.628256,False,9
5473,9,0.15368797,32.07471,False,9
5474,9,0.17980492,31.969488,False,9
5475,9,0.89426005,31.352188,False,9
5476,9,-0.111122794,31.79527,False,9
5477,9,0.29752934,30.600208,False,9
5478,9,0.6025121,31.759472,False,9
5479,9,0.7502182,31.088266,False,9
5480,9,0.7919323,31.882544,False,9
5481,9,0.08240257,30.37678,False,9
5482,9,1.0916013,31.675533,False,9
5483,9,0.5624747,31.040953,False,9
5484,9,0.63371104,30.697725,False,9
5485,9,-0.7074605,31.593906,False,9
5486,9,0.77748674,32.580147,False,9
5487,9,-0.41957888,31.462498,False,9
5488,9,-0.33684134,31.806656,False,9
5489,9,0.44325176,32.059647,False,9
5490,9,0.1605742,32.20869,False,9
5491,9,0.50365454,31.379066,False,9
5492,9,0.4579723,32.815456,False,9
5493,9,0.7295928,32.332184,False,9
5494,9,-0.7262737,31.365187,False,9
5495,9,-0.23036346,31.51096,False,9
5496,9,0.3924546,32.445972,False,9
5497,9,1.0528145,34.39246,False,9
5498,9,1.259289,34.360752,False,9
5499,9,1.1518689,34.37079,False,9
5501,9,3.4493418,33.605446,False,9
5502,9,3.182469,31.774109,False,9
5503,9,3.3331864,32.17493,False,9
5504,9,3.1758175,31.25891,False,9
5505,9,3.2027276,32.373795,False,9
5506,9,3.4978015,33.343925,False,9
5507,9,3.6033568,32.76248,False,9
5508,9,2.8919528,31.259491,False,9
5509,9,3.6579459,31.747223,False,9
5510,9,2.4317496,31.191698,False,9
5511,9,3.405498,31.532145,False,9
5512,9,2.4490955,31.364622,False,9
5513,9,3.4986477,31.364794,False,9
5514,9,3.3836145,32.589115,False,9
5515,9,0.39106056,30.240032,False,9
5516,9,0.442384,30.343912,False,9
5517,9,0.2710993,30.18866,False,9
5518,9,0.5156418,30.198498,False,9
5519,9,0.6934424,30.318363,False,9
5520,9,0.34196332,30.101402,False,9
5521,9,0.7986471,30.228334,False,9
5522,9,0.7673244,30.513205,False,9
5523,9,2.7905037,30.890665,False,9
5524,9,1.0039442,34.383797,False,9
5525,9,0.76738274,30.159218,False,9
5526,9,0.54958844,30.115192,False,9
5527,9,1.3728938,34.399475,False,9
5528,9,0.2310807,29.970875,False,9
5529,9,0.87616265,34.271408,False,9
5530,9,1.0162739,34.198933,False,9
5531,9,0.8780614,34.37364,False,9
5532,9,2.421718,31.054285,False,9
5533,9,1.1925204,34.27393,False,9
5534,9,2.524757,30.894552,False,9
5535,9,1.8105116,34.881535,False,9
5536,9,0.59277225,33.897057,False,9
5537,9,0.43055403,34.009518,False,9
5538,9,0.7851881,33.91163,False,9
5539,9,0.3664117,33.882008,False,9
5540,9,0.72698057,34.07942,False,9
5541,9,0.46629837,33.774525,False,9
5542,9,0.49800223,33.58849,False,9
5543,9,0.40182623,33.540115,False,9
5544,9,0.62819356,33.694393,False,9
5545,9,0.6574015,33.609653,False,9
5546,9,1.2076997,33.181587,False,9
5547,9,0.72723126,33.478935,False,9
5548,9,0.58476037,33.222492,False,9
5549,9,1.0675862,33.48334,False,9
5550,9,0.932646,33.123272,False,9
5551,9,0.8039294,33.338493,False,9
5552,9,0.91878194,33.65032,False,9
5553,9,2.9112394,33.346054,False,9
5554,9,3.3093836,33.091198,False,9
5555,9,2.526357,32.910717,False,9
5556,9,2.929712,32.86785,False,9
5557,9,-0.32890934,30.350178,False,9
5558,9,-0.4815835,30.150938,False,9
5559,9,-0.08907411,30.481087,False,9
5560,9,-0.8763902,30.665041,False,9
5561,9,-0.87476605,29.733633,False,9
5562,9,-0.06461884,30.60317,False,9
5563,9,-0.09314851,30.356117,False,9
5564,9,-0.48851457,30.604454,False,9
5565,9,-0.6242982,30.022543,False,9
5566,9,-0.94385743,30.272486,False,9
5567,9,-0.27946034,30.049162,False,9
5568,9,-1.158062,30.137812,False,9
5569,9,-0.80660313,29.929306,False,9
5570,9,-0.7385424,30.474545,False,9
5571,9,-0.60363907,30.326641,False,9
5572,9,2.4768512,32.121445,False,9
5573,9,2.6666486,32.475292,False,9
5574,9,2.45244,32.34717,False,9
5575,9,-1.337167,30.018543,False,9
5576,9,-0.99566084,29.826056,False,9
5577,9,-1.2177807,29.680037,False,9
5578,9,-1.1717491,29.865904,False,9
5579,9,-1.1435789,30.036547,False,9
5580,9,-0.7860922,30.590914,False,9
5581,9,-0.71579486,29.715515,False,9
5582,9,-0.4893135,29.789541,False,9
5583,9,3.3779395,31.787756,False,9
5584,9,3.0203373,30.915792,False,9
5585,9,0.5653596,33.754158,False,9
5586,9,0.37917158,33.040684,False,9
5587,9,0.70882326,30.067207,False,9
5588,9,-0.5426094,30.176449,False,9
5589,9,0.47140107,34.08926,False,9
5590,9,2.7756112,32.29032,False,9
5591,9,1.4822823,31.342272,False,9
5592,9,-0.12438833,30.482939,False,9
5593,9,0.6148435,33.181675,False,9
5594,9,3.5242882,34.133934,False,9
5595,9,-1.2580692,29.990105,False,9
5596,9,0.655692,30.280344,False,9
5597,9,1.7539086,33.153885,False,9
5598,9,0.9389418,30.82485,False,9
5599,9,0.87594354,31.226217,False,9
5601,9,-0.13463122,31.877234,False,9
5602,9,0.3309118,32.584316,False,9
5603,9,-0.9081671,29.777893,False,9
5604,9,0.1788578,30.082642,False,9
5605,9,1.916916,33.958878,False,9
5606,9,0.7114758,32.89571,False,9
5607,9,0.782233,31.081493,False,9
5608,9,0.9178516,31.770678,False,9
5609,9,-1.2756991,29.692472,False,9
5610,9,3.2996688,32.88653,False,9
5611,9,3.4170554,30.961317,False,9
5612,9,2.3764596,32.696217,False,9
5613,9,3.0035636,34.11329,False,9
5614,9,1.4887381,33.934563,False,9
5615,9,0.62892264,30.653038,False,9
5616,9,-0.6315484,31.546124,False,9
5617,9,2.2509205,32.898983,False,9
5618,9,0.75480556,32.50948,False,9
5619,9,-0.40565246,31.14867,False,9
5620,9,-0.33142513,31.73566,False,9
5621,9,1.6835377,31.71339,False,9
5622,9,0.44310758,33.47772,False,9
5623,9,1.0797821,34.176815,False,9
5624,9,-0.6096169,30.654957,False,9
5625,2,2.531716,34.659912,False,2
5626,9,3.658292,31.72764,False,9
5627,9,-0.02131669,31.978426,False,9
5628,9,0.5705309,31.38193,False,9
5629,9,0.34594524,32.747112,False,9
5630,9,1.8539236,34.71095,False,9
5631,9,2.4612784,31.056759,False,9
5632,9,-0.876364,30.270836,False,9
5633,9,2.47717,31.492252,False,9
5634,9,-0.70264566,31.388885,False,9
5635,9,-0.7854573,29.924246,False,9
5636,9,1.7284728,33.61628,False,9
5637,9,0.68689084,34.182343,False,9
5638,9,0.32265022,32.492043,False,9
5639,9,3.4734662,31.249876,False,9
5640,9,2.7178152,33.735294,False,9
5641,9,3.5702622,33.718388,False,9
5642,9,3.1592472,33.78928,False,9
5643,9,1.8228964,34.324486,False,9
5644,9,1.6885871,34.482635,False,9
5645,9,2.1214643,34.244198,False,9
5646,9,2.4303374,33.68237,False,9
5647,9,0.71253204,30.045965,False,9
5648,9,3.0534205,31.024542,False,9
5649,9,3.526899,31.006304,False,9
5650,9,2.6813147,31.0701,False,9
5651,9,3.2362816,30.921991,False,9
5652,9,3.5572252,31.175604,False,9
